Bill Date & Time,Timestamp,Name,Phone Number,Waxing,Facial,De-tan,Pedicure,Manicure,Bleaching,Wash,Massage,Threading,Hair Cut,Miscellaneous,Bill Amount,Service done by,Payment Mode,Helper for S,Bill Date,week,Name of the day
17/11/2025 22:08:14,17/11/2025 22:08:14,Nisha Verma,+91 4332181960,False,True,False,False,False,False,False,False,False,False,,423,Sneha,Cash,Helper2,17/11/2025,47,Monday
21/11/2025 08:41:14,21/11/2025 08:41:14,Pooja Desai,+91 3794026542,False,False,False,False,False,True,False,False,False,False,,304,Priya,Wallet,Helper1,21/11/2025,47,Friday
07/09/2025 02:45:14,07/09/2025 02:45:14,Sneha Gupta,+91 0781618495,True,True,False,True,False,False,False,False,False,False,,1210,Sneha,Cash,,07/09/2025,36,Sunday
18/08/2025 04:47:14,18/08/2025 04:47:14,Ritu Mehta,+91 2553419283,False,False,False,False,False,False,False,True,False,False,,588,Anjali,Card,Helper3,18/08/2025,34,Monday
22/06/2025 00:59:14,22/06/2025 00:59:14,Anjali Sharma,+91 5641395376,False,False,True,False,True,False,False,True,False,False,,1568,Ritu,UPI,,22/06/2025,25,Sunday
04/11/2025 03:30:14,04/11/2025 03:30:14,Kavita Reddy,+91 2871012269,False,False,False,False,False,False,True,False,False,False,,590,Ritu,Wallet,Helper3,04/11/2025,45,Tuesday
26/10/2025 21:50:14,26/10/2025 21:50:14,Nisha Verma,+91 1845146270,False,False,True,False,True,False,False,False,True,False,,1532,Ritu,Card,Helper2,26/10/2025,43,Sunday
10/09/2025 23:41:14,10/09/2025 23:41:14,Aditi Joshi,+91 0957015430,False,False,False,False,False,False,False,False,False,True,,280,Priya,Wallet,Helper1,10/09/2025,37,Wednesday
21/10/2025 23:15:14,21/10/2025 23:15:14,Sakshi Kumar,+91 7824896383,False,False,False,False,True,True,True,False,False,False,,2039,Priya,Card,Helper2,21/10/2025,43,Tuesday
24/06/2025 02:08:14,24/06/2025 02:08:14,Divya Rao,+91 8393010310,False,True,False,False,False,False,False,False,True,False,,928,Kavita,Card,Helper2,24/06/2025,26,Tuesday
01/11/2025 06:37:14,01/11/2025 06:37:14,Kavita Reddy,+91 7631165667,True,True,False,False,False,False,False,False,False,True,,1470,Sneha,Card,Helper2,01/11/2025,44,Saturday
23/10/2025 04:15:14,23/10/2025 04:15:14,Pooja Desai,+91 2473178108,False,True,False,False,False,False,False,False,False,False,,442,Sneha,Wallet,,23/10/2025,43,Thursday
09/10/2025 01:02:14,09/10/2025 01:02:14,Pooja Desai,+91 0260647468,False,False,True,True,False,False,False,True,False,False,,1184,Ritu,Cash,Helper3,09/10/2025,41,Thursday
21/06/2025 21:44:14,21/06/2025 21:44:14,Simran Kaur,+91 8820812191,False,True,False,True,False,False,True,False,False,False,,2027,Ritu,Cash,Helper1,21/06/2025,25,Saturday
23/09/2025 07:44:14,23/09/2025 07:44:14,Divya Rao,+91 8543534624,False,True,False,False,False,True,False,False,False,False,,878,Ritu,Cash,Helper1,23/09/2025,39,Tuesday
23/10/2025 00:39:14,23/10/2025 00:39:14,Sneha Gupta,+91 2513542784,True,False,False,False,True,False,False,False,True,False,,1113,Priya,Cash,Helper2,23/10/2025,43,Thursday
16/08/2025 01:45:14,16/08/2025 01:45:14,Kavita Reddy,+91 5348740164,True,False,False,False,False,False,False,False,False,False,,541,Sneha,UPI,Helper2,16/08/2025,33,Saturday
29/09/2025 05:52:14,29/09/2025 05:52:14,Pooja Desai,+91 8011280598,False,False,False,False,False,False,True,False,False,False,,330,Priya,UPI,Helper3,29/09/2025,40,Monday
18/06/2025 02:20:14,18/06/2025 02:20:14,Sakshi Kumar,+91 3158692322,True,False,True,False,False,False,False,False,False,False,,1161,Sneha,UPI,Helper2,18/06/2025,25,Wednesday
03/12/2025 22:31:14,03/12/2025 22:31:14,Anjali Sharma,+91 7337543303,False,False,False,False,True,True,False,False,False,False,,756,Anjali,Wallet,Helper3,03/12/2025,49,Wednesday
14/06/2025 23:03:14,14/06/2025 23:03:14,Sneha Gupta,+91 2940196556,False,True,False,False,False,False,True,False,True,False,,1644,Priya,Wallet,Helper1,14/06/2025,24,Saturday
19/10/2025 05:50:14,19/10/2025 05:50:14,Nisha Verma,+91 3561595148,False,False,False,False,False,True,True,False,False,False,,1114,Ritu,Card,Helper2,19/10/2025,42,Sunday
23/09/2025 07:31:14,23/09/2025 07:31:14,Sakshi Kumar,+91 2994680443,False,False,False,False,False,True,False,False,False,True,,1328,Kavita,Card,,23/09/2025,39,Tuesday
21/07/2025 07:12:14,21/07/2025 07:12:14,Sneha Gupta,+91 8951343320,False,False,False,True,False,False,False,False,False,False,,686,Ritu,Cash,,21/07/2025,30,Monday
22/09/2025 07:43:14,22/09/2025 07:43:14,Kavita Reddy,+91 6763201632,True,False,False,False,False,False,False,True,True,False,,1549,Kavita,Card,,22/09/2025,39,Monday
25/11/2025 05:42:14,25/11/2025 05:42:14,Divya Rao,+91 5798687277,False,False,False,True,True,False,False,False,False,False,,1429,Sneha,UPI,,25/11/2025,48,Tuesday
27/06/2025 08:25:14,27/06/2025 08:25:14,Kavita Reddy,+91 4558122362,False,True,False,True,False,False,True,False,False,False,,1910,Kavita,Wallet,Helper1,27/06/2025,26,Friday
30/07/2025 03:31:14,30/07/2025 03:31:14,Divya Rao,+91 0967054668,False,False,False,True,False,False,False,True,True,False,,1549,Kavita,Cash,,30/07/2025,31,Wednesday
02/09/2025 07:50:14,02/09/2025 07:50:14,Pooja Desai,+91 2729806990,False,False,False,False,False,False,True,False,False,False,,338,Kavita,Card,Helper1,02/09/2025,36,Tuesday
13/08/2025 03:27:14,13/08/2025 03:27:14,Kavita Reddy,+91 7556464170,True,False,False,False,False,True,False,False,True,False,,940,Priya,Card,Helper2,13/08/2025,33,Wednesday
13/06/2025 06:16:14,13/06/2025 06:16:14,Kavita Reddy,+91 2719374529,False,True,True,False,True,False,False,False,False,False,,1328,Anjali,Wallet,,13/06/2025,24,Friday
27/07/2025 22:44:14,27/07/2025 22:44:14,Nisha Verma,+91 3149190586,False,True,False,False,False,True,False,False,False,True,,1543,Priya,Wallet,Helper3,27/07/2025,30,Sunday
17/11/2025 04:52:14,17/11/2025 04:52:14,Neha Singh,+91 6284987769,False,False,False,True,False,True,False,False,False,False,,773,Kavita,Card,,17/11/2025,47,Monday
31/10/2025 06:49:14,31/10/2025 06:49:14,Pooja Desai,+91 5075273545,False,False,False,False,True,False,False,False,False,True,,979,Ritu,Card,Helper1,31/10/2025,44,Friday
08/08/2025 08:33:14,08/08/2025 08:33:14,Simran Kaur,+91 8377701436,False,False,False,True,True,True,False,False,False,False,,2193,Anjali,Wallet,Helper3,08/08/2025,32,Friday
06/09/2025 08:36:14,06/09/2025 08:36:14,Sneha Gupta,+91 4431351823,False,False,False,False,False,False,False,True,False,False,,483,Ritu,UPI,Helper1,06/09/2025,36,Saturday
27/07/2025 01:21:14,27/07/2025 01:21:14,Ritu Mehta,+91 2408240084,False,True,True,False,False,False,False,True,False,False,,1490,Kavita,Wallet,,27/07/2025,30,Sunday
02/09/2025 23:10:14,02/09/2025 23:10:14,Sneha Gupta,+91 7116719022,False,True,False,True,True,False,False,False,False,False,,1718,Ritu,Card,,02/09/2025,36,Tuesday
01/10/2025 04:26:14,01/10/2025 04:26:14,Divya Rao,+91 6499091334,False,True,True,True,False,False,False,False,False,False,,1418,Sneha,Cash,,01/10/2025,40,Wednesday
01/10/2025 08:45:14,01/10/2025 08:45:14,Simran Kaur,+91 4034471349,False,True,False,True,False,False,True,False,False,False,,1539,Anjali,Card,Helper1,01/10/2025,40,Wednesday
22/06/2025 23:57:14,22/06/2025 23:57:14,Sneha Gupta,+91 9947174648,False,True,False,False,False,False,False,True,False,True,,1412,Ritu,UPI,Helper1,22/06/2025,25,Sunday
01/07/2025 00:50:14,01/07/2025 00:50:14,Divya Rao,+91 9049027874,False,False,False,False,False,False,False,False,False,True,,646,Kavita,Cash,,01/07/2025,27,Tuesday
05/09/2025 03:28:14,05/09/2025 03:28:14,Ritu Mehta,+91 1256746807,False,False,False,False,False,True,False,False,False,False,,458,Anjali,Cash,,05/09/2025,36,Friday
16/10/2025 21:49:14,16/10/2025 21:49:14,Aditi Joshi,+91 7603859770,False,False,False,False,True,False,False,False,False,False,,762,Sneha,UPI,,16/10/2025,42,Thursday
03/12/2025 04:14:14,03/12/2025 04:14:14,Anjali Sharma,+91 9324808613,False,False,False,False,False,False,False,True,False,False,,320,Sneha,Wallet,Helper3,03/12/2025,49,Wednesday
16/10/2025 08:24:14,16/10/2025 08:24:14,Pooja Desai,+91 7737826398,False,True,True,False,True,False,False,False,False,False,,1891,Anjali,Cash,Helper3,16/10/2025,42,Thursday
23/08/2025 06:44:14,23/08/2025 06:44:14,Sakshi Kumar,+91 7278755886,False,False,False,True,False,True,False,False,False,False,,1229,Kavita,Card,,23/08/2025,34,Saturday
19/06/2025 02:54:14,19/06/2025 02:54:14,Simran Kaur,+91 6627028951,False,True,False,False,False,False,False,False,True,False,,882,Sneha,Wallet,Helper2,19/06/2025,25,Thursday
27/06/2025 04:57:14,27/06/2025 04:57:14,Sneha Gupta,+91 5961586578,False,False,False,False,False,False,False,False,False,True,,270,Sneha,UPI,Helper2,27/06/2025,26,Friday
01/07/2025 03:13:14,01/07/2025 03:13:14,Sakshi Kumar,+91 1724005045,False,False,True,False,False,False,True,False,False,False,,1193,Kavita,Card,Helper2,01/07/2025,27,Tuesday
21/07/2025 22:46:14,21/07/2025 22:46:14,Pooja Desai,+91 9379237474,True,False,False,False,True,False,False,True,False,False,,1395,Kavita,UPI,Helper3,21/07/2025,30,Monday
18/11/2025 03:51:14,18/11/2025 03:51:14,Sneha Gupta,+91 7436713695,True,False,False,False,True,False,False,False,False,True,,1294,Ritu,Cash,,18/11/2025,47,Tuesday
20/08/2025 00:45:14,20/08/2025 00:45:14,Ritu Mehta,+91 3394210470,False,True,True,False,False,True,False,False,False,False,,1661,Sneha,Card,Helper2,20/08/2025,34,Wednesday
24/10/2025 02:40:14,24/10/2025 02:40:14,Aditi Joshi,+91 4247451712,False,False,False,False,False,False,True,False,False,False,,770,Anjali,Cash,,24/10/2025,43,Friday
11/06/2025 01:41:14,11/06/2025 01:41:14,Priya Patel,+91 7549651370,False,False,False,True,False,True,False,False,True,False,,1448,Kavita,Cash,Helper2,11/06/2025,24,Wednesday
18/06/2025 21:26:14,18/06/2025 21:26:14,Simran Kaur,+91 1138267586,False,True,True,False,False,False,True,False,False,False,,1804,Priya,UPI,Helper2,18/06/2025,25,Wednesday
29/09/2025 04:22:14,29/09/2025 04:22:14,Ritu Mehta,+91 1585064317,False,False,False,True,False,False,False,False,False,False,,221,Priya,UPI,Helper2,29/09/2025,40,Monday
10/07/2025 06:20:14,10/07/2025 06:20:14,Priya Patel,+91 8393352904,False,False,True,False,False,False,False,False,False,False,,753,Anjali,Card,Helper1,10/07/2025,28,Thursday
23/11/2025 21:15:14,23/11/2025 21:15:14,Anjali Sharma,+91 5395024026,False,True,False,False,False,False,False,True,False,True,,1954,Ritu,Cash,,23/11/2025,47,Sunday
14/10/2025 00:46:14,14/10/2025 00:46:14,Anjali Sharma,+91 8470076617,False,True,False,False,False,False,False,True,True,False,,1147,Sneha,UPI,Helper3,14/10/2025,42,Tuesday
13/09/2025 06:40:14,13/09/2025 06:40:14,Sneha Gupta,+91 7896118367,False,False,False,False,False,False,True,False,False,False,,547,Kavita,Wallet,,13/09/2025,37,Saturday
02/07/2025 02:34:14,02/07/2025 02:34:14,Ritu Mehta,+91 4527111161,True,False,True,False,False,True,False,False,False,False,,2350,Anjali,Cash,,02/07/2025,27,Wednesday
06/09/2025 07:55:14,06/09/2025 07:55:14,Pooja Desai,+91 0494519832,False,True,False,True,False,False,False,True,False,False,,1903,Priya,UPI,Helper2,06/09/2025,36,Saturday
25/09/2025 05:56:14,25/09/2025 05:56:14,Divya Rao,+91 9809402445,True,False,True,False,False,False,False,False,False,False,,1125,Kavita,Cash,Helper2,25/09/2025,39,Thursday
16/11/2025 21:12:14,16/11/2025 21:12:14,Nisha Verma,+91 8366752545,True,True,False,False,False,False,False,False,False,True,,970,Priya,UPI,,16/11/2025,46,Sunday
24/11/2025 03:38:14,24/11/2025 03:38:14,Divya Rao,+91 7643815614,False,False,False,False,True,False,False,True,False,True,,1275,Ritu,Cash,Helper1,24/11/2025,48,Monday
30/07/2025 01:20:14,30/07/2025 01:20:14,Neha Singh,+91 4451076226,False,False,False,True,False,True,False,False,True,False,,1122,Kavita,Cash,,30/07/2025,31,Wednesday
27/06/2025 02:43:14,27/06/2025 02:43:14,Pooja Desai,+91 9664160529,False,True,False,False,False,True,False,False,False,False,,955,Sneha,Wallet,,27/06/2025,26,Friday
19/10/2025 22:32:14,19/10/2025 22:32:14,Sneha Gupta,+91 5352181883,False,False,True,False,False,True,False,False,False,False,,746,Sneha,UPI,Helper2,19/10/2025,42,Sunday
22/07/2025 06:16:14,22/07/2025 06:16:14,Sakshi Kumar,+91 1277997995,False,False,True,False,False,True,False,True,False,False,,1601,Anjali,UPI,Helper1,22/07/2025,30,Tuesday
06/09/2025 05:11:14,06/09/2025 05:11:14,Sneha Gupta,+91 7700541199,True,False,False,False,False,False,True,True,False,False,,1837,Anjali,Wallet,Helper2,06/09/2025,36,Saturday
23/06/2025 04:13:14,23/06/2025 04:13:14,Ritu Mehta,+91 1820377889,False,False,False,False,False,True,False,False,False,False,,581,Anjali,Wallet,,23/06/2025,26,Monday
02/09/2025 07:45:14,02/09/2025 07:45:14,Anjali Sharma,+91 5151864492,False,True,True,False,False,False,False,False,False,False,,1075,Kavita,Card,Helper1,02/09/2025,36,Tuesday
26/08/2025 05:31:14,26/08/2025 05:31:14,Sakshi Kumar,+91 5281685054,False,False,False,True,False,False,False,False,False,False,,549,Kavita,Card,Helper2,26/08/2025,35,Tuesday
12/07/2025 23:11:14,12/07/2025 23:11:14,Sneha Gupta,+91 1888059296,False,False,True,False,False,False,False,False,False,False,,385,Ritu,Card,,12/07/2025,28,Saturday
19/06/2025 03:30:14,19/06/2025 03:30:14,Sakshi Kumar,+91 3794738347,False,False,False,False,False,True,False,False,False,False,,784,Kavita,Wallet,Helper3,19/06/2025,25,Thursday
13/09/2025 05:40:14,13/09/2025 05:40:14,Pooja Desai,+91 2392407581,False,True,False,False,True,False,False,False,True,False,,1128,Kavita,Card,,13/09/2025,37,Saturday
01/07/2025 00:59:14,01/07/2025 00:59:14,Simran Kaur,+91 5060685361,True,False,False,True,False,False,False,False,False,False,,827,Anjali,Card,Helper2,01/07/2025,27,Tuesday
17/06/2025 02:05:14,17/06/2025 02:05:14,Simran Kaur,+91 2779010432,False,False,False,False,False,False,True,False,True,True,,1251,Anjali,Cash,Helper1,17/06/2025,25,Tuesday
08/08/2025 03:47:14,08/08/2025 03:47:14,Divya Rao,+91 7117980893,False,False,True,False,True,False,True,False,False,False,,1208,Ritu,Wallet,Helper2,08/08/2025,32,Friday
25/11/2025 07:12:14,25/11/2025 07:12:14,Aditi Joshi,+91 5188888067,False,False,False,False,False,False,True,False,False,False,,582,Anjali,Cash,Helper3,25/11/2025,48,Tuesday
25/06/2025 02:22:14,25/06/2025 02:22:14,Nisha Verma,+91 1952058527,False,False,True,False,False,False,False,True,True,False,,1169,Anjali,Card,Helper1,25/06/2025,26,Wednesday
28/07/2025 21:27:14,28/07/2025 21:27:14,Sneha Gupta,+91 8687403450,False,True,False,False,True,True,False,False,False,False,,1832,Kavita,Wallet,Helper3,28/07/2025,31,Monday
25/07/2025 04:51:14,25/07/2025 04:51:14,Simran Kaur,+91 5841616928,False,True,False,False,False,True,False,False,False,False,,816,Anjali,UPI,,25/07/2025,30,Friday
09/11/2025 08:34:14,09/11/2025 08:34:14,Neha Singh,+91 7570596401,False,False,True,False,False,True,True,False,False,False,,1225,Priya,Card,Helper1,09/11/2025,45,Sunday
07/08/2025 07:30:14,07/08/2025 07:30:14,Ritu Mehta,+91 6909275571,False,False,True,False,False,True,False,False,True,False,,1613,Sneha,Cash,Helper1,07/08/2025,32,Thursday
25/07/2025 04:40:14,25/07/2025 04:40:14,Pooja Desai,+91 8144739473,False,False,True,False,False,False,False,False,False,False,,275,Kavita,Card,,25/07/2025,30,Friday
30/06/2025 08:01:14,30/06/2025 08:01:14,Ritu Mehta,+91 5188442258,False,True,False,False,False,False,False,False,False,False,,405,Sneha,Card,,30/06/2025,27,Monday
14/06/2025 02:42:14,14/06/2025 02:42:14,Divya Rao,+91 5782911467,False,True,False,False,False,False,True,False,False,True,,1127,Kavita,Wallet,Helper3,14/06/2025,24,Saturday
10/07/2025 05:47:14,10/07/2025 05:47:14,Divya Rao,+91 2268018242,False,False,False,False,False,True,False,False,False,False,,430,Anjali,UPI,Helper1,10/07/2025,28,Thursday
11/08/2025 00:47:14,11/08/2025 00:47:14,Aditi Joshi,+91 4249818299,False,False,True,False,False,False,False,False,False,False,,545,Ritu,Cash,Helper1,11/08/2025,33,Monday
27/06/2025 21:48:14,27/06/2025 21:48:14,Divya Rao,+91 4396907844,False,False,False,True,False,False,True,False,False,False,,1168,Priya,Cash,Helper2,27/06/2025,26,Friday
28/09/2025 03:37:14,28/09/2025 03:37:14,Simran Kaur,+91 3592555625,False,True,False,False,False,True,False,False,True,False,,1449,Anjali,Wallet,Helper2,28/09/2025,39,Sunday
13/07/2025 22:10:14,13/07/2025 22:10:14,Sneha Gupta,+91 6963259532,False,False,False,False,False,False,False,True,True,False,,1225,Kavita,Cash,Helper1,13/07/2025,28,Sunday
16/09/2025 05:36:14,16/09/2025 05:36:14,Kavita Reddy,+91 3950047974,True,True,False,False,False,False,True,False,False,False,,1381,Kavita,UPI,Helper1,16/09/2025,38,Tuesday
17/09/2025 21:43:14,17/09/2025 21:43:14,Aditi Joshi,+91 3584168784,False,True,True,False,False,False,False,False,False,True,,1484,Anjali,UPI,Helper2,17/09/2025,38,Wednesday
28/07/2025 06:39:14,28/07/2025 06:39:14,Pooja Desai,+91 8000257872,False,False,True,False,False,True,False,False,True,False,,1494,Ritu,UPI,Helper3,28/07/2025,31,Monday
15/10/2025 05:41:14,15/10/2025 05:41:14,Simran Kaur,+91 9470551694,True,False,False,False,True,False,False,True,False,False,,2016,Priya,Wallet,Helper2,15/10/2025,42,Wednesday
20/10/2025 07:53:14,20/10/2025 07:53:14,Divya Rao,+91 6230913075,False,False,True,False,False,False,True,False,False,False,,1028,Ritu,Wallet,Helper1,20/10/2025,43,Monday
04/12/2025 23:40:14,04/12/2025 23:40:14,Kavita Reddy,+91 8578652785,False,False,False,False,True,True,False,True,False,False,,1333,Ritu,UPI,Helper2,04/12/2025,49,Thursday
23/08/2025 01:52:14,23/08/2025 01:52:14,Kavita Reddy,+91 7575844198,False,False,False,False,False,True,True,False,False,False,,846,Priya,UPI,Helper1,23/08/2025,34,Saturday
04/09/2025 04:48:14,04/09/2025 04:48:14,Sneha Gupta,+91 7338484219,False,False,False,True,False,False,False,False,True,True,,1425,Sneha,Cash,Helper1,04/09/2025,36,Thursday
21/09/2025 02:52:14,21/09/2025 02:52:14,Simran Kaur,+91 1208267734,True,False,False,False,True,False,False,False,False,False,,1078,Sneha,Cash,Helper2,21/09/2025,38,Sunday
22/09/2025 00:06:14,22/09/2025 00:06:14,Anjali Sharma,+91 6724004991,False,False,False,False,True,False,False,True,False,False,,1492,Kavita,Card,,22/09/2025,39,Monday
16/08/2025 00:58:14,16/08/2025 00:58:14,Priya Patel,+91 5274205493,False,False,False,False,False,False,False,False,False,True,,615,Kavita,UPI,Helper1,16/08/2025,33,Saturday
18/09/2025 07:13:14,18/09/2025 07:13:14,Neha Singh,+91 2753046374,True,False,False,False,True,False,False,False,False,False,,1035,Sneha,Cash,Helper1,18/09/2025,38,Thursday
05/10/2025 01:17:14,05/10/2025 01:17:14,Pooja Desai,+91 8414593327,False,False,False,False,False,False,False,True,False,False,,582,Kavita,Wallet,Helper2,05/10/2025,40,Sunday
10/08/2025 07:55:14,10/08/2025 07:55:14,Divya Rao,+91 1878519108,False,False,True,True,False,False,False,False,True,False,,1635,Kavita,Cash,Helper2,10/08/2025,32,Sunday
04/11/2025 04:12:14,04/11/2025 04:12:14,Aditi Joshi,+91 7072867908,True,False,False,False,True,False,False,False,False,False,,1065,Priya,Card,Helper1,04/11/2025,45,Tuesday
19/06/2025 03:29:14,19/06/2025 03:29:14,Nisha Verma,+91 1801704622,False,False,False,False,False,True,True,False,False,True,,1829,Priya,Card,Helper3,19/06/2025,25,Thursday
07/07/2025 23:41:14,07/07/2025 23:41:14,Pooja Desai,+91 8230047868,False,False,False,True,False,False,False,False,False,True,,1225,Sneha,UPI,Helper2,07/07/2025,28,Monday
05/07/2025 21:58:14,05/07/2025 21:58:14,Sakshi Kumar,+91 6903311907,True,False,False,True,False,False,False,False,False,True,,1699,Ritu,Card,Helper1,05/07/2025,27,Saturday
13/07/2025 05:25:14,13/07/2025 05:25:14,Kavita Reddy,+91 9599534283,False,False,False,False,True,False,False,False,False,True,,1032,Ritu,Card,,13/07/2025,28,Sunday
28/10/2025 04:10:14,28/10/2025 04:10:14,Ritu Mehta,+91 6856624628,False,False,False,True,False,False,False,False,False,True,,854,Kavita,Cash,,28/10/2025,44,Tuesday
22/09/2025 05:40:14,22/09/2025 05:40:14,Neha Singh,+91 6343517518,True,False,False,True,True,False,False,False,False,False,,1100,Sneha,Card,,22/09/2025,39,Monday
31/07/2025 02:26:14,31/07/2025 02:26:14,Anjali Sharma,+91 3317393638,False,False,False,False,True,False,True,False,False,False,,1423,Anjali,UPI,Helper3,31/07/2025,31,Thursday
08/09/2025 06:03:14,08/09/2025 06:03:14,Simran Kaur,+91 7175355609,False,False,True,False,False,False,False,False,False,False,,216,Anjali,Wallet,Helper3,08/09/2025,37,Monday
17/07/2025 00:28:14,17/07/2025 00:28:14,Kavita Reddy,+91 6937854777,False,False,False,False,False,True,False,False,False,False,,373,Sneha,Wallet,Helper2,17/07/2025,29,Thursday
24/10/2025 07:10:14,24/10/2025 07:10:14,Aditi Joshi,+91 0100623120,False,False,False,False,False,False,False,False,True,False,,666,Anjali,Cash,,24/10/2025,43,Friday
23/11/2025 04:08:14,23/11/2025 04:08:14,Anjali Sharma,+91 8860084840,False,True,True,False,False,False,True,False,False,False,,1386,Sneha,Card,Helper3,23/11/2025,47,Sunday
06/09/2025 01:57:14,06/09/2025 01:57:14,Pooja Desai,+91 1567933410,False,False,False,False,False,False,True,False,False,False,,588,Kavita,Wallet,Helper1,06/09/2025,36,Saturday
17/11/2025 21:51:14,17/11/2025 21:51:14,Neha Singh,+91 1765918033,False,False,False,False,True,False,False,True,False,True,,1010,Ritu,Cash,Helper2,17/11/2025,47,Monday
26/08/2025 21:20:14,26/08/2025 21:20:14,Divya Rao,+91 2614293968,False,False,True,False,False,False,True,False,False,False,,992,Anjali,Cash,Helper1,26/08/2025,35,Tuesday
27/09/2025 01:00:14,27/09/2025 01:00:14,Priya Patel,+91 5999650477,False,False,False,False,False,True,False,False,False,False,,766,Kavita,Wallet,Helper2,27/09/2025,39,Saturday
29/11/2025 06:49:14,29/11/2025 06:49:14,Pooja Desai,+91 1943114262,False,False,False,False,False,True,True,False,True,False,,807,Anjali,Wallet,Helper3,29/11/2025,48,Saturday
15/08/2025 22:15:14,15/08/2025 22:15:14,Priya Patel,+91 2678886101,False,True,False,False,False,False,False,False,True,False,,1126,Priya,UPI,,15/08/2025,33,Friday
14/09/2025 22:53:14,14/09/2025 22:53:14,Aditi Joshi,+91 3982622444,False,True,True,False,False,False,False,False,False,False,,1016,Anjali,Wallet,Helper3,14/09/2025,37,Sunday
08/10/2025 22:30:14,08/10/2025 22:30:14,Sneha Gupta,+91 3799371240,False,False,False,False,False,True,True,False,False,False,,1187,Anjali,Wallet,Helper2,08/10/2025,41,Wednesday
23/08/2025 02:45:14,23/08/2025 02:45:14,Nisha Verma,+91 3752654793,False,False,False,False,True,False,True,False,False,False,,1175,Priya,Card,Helper2,23/08/2025,34,Saturday
29/11/2025 05:08:14,29/11/2025 05:08:14,Nisha Verma,+91 7374167243,False,False,True,False,False,False,True,False,False,False,,861,Kavita,Wallet,,29/11/2025,48,Saturday
22/10/2025 06:06:14,22/10/2025 06:06:14,Nisha Verma,+91 6805891135,False,False,False,False,False,False,False,False,False,True,,245,Ritu,Wallet,Helper3,22/10/2025,43,Wednesday
25/09/2025 22:07:14,25/09/2025 22:07:14,Priya Patel,+91 4388899375,False,False,False,False,False,False,False,True,True,False,,907,Priya,Wallet,Helper1,25/09/2025,39,Thursday
22/08/2025 04:05:14,22/08/2025 04:05:14,Priya Patel,+91 1254573875,False,True,False,False,False,False,False,True,False,False,,1189,Priya,UPI,Helper1,22/08/2025,34,Friday
06/07/2025 22:01:14,06/07/2025 22:01:14,Ritu Mehta,+91 1238282586,False,False,False,True,False,False,True,False,False,False,,778,Kavita,Wallet,Helper1,06/07/2025,27,Sunday
12/11/2025 00:35:14,12/11/2025 00:35:14,Divya Rao,+91 6603341918,False,False,False,False,False,True,False,False,False,False,,533,Sneha,Wallet,Helper1,12/11/2025,46,Wednesday
14/08/2025 08:02:14,14/08/2025 08:02:14,Simran Kaur,+91 8596969155,False,False,True,False,False,False,False,False,False,True,,790,Sneha,UPI,Helper1,14/08/2025,33,Thursday
08/08/2025 01:14:14,08/08/2025 01:14:14,Neha Singh,+91 5286692966,False,False,False,False,False,False,False,True,False,False,,750,Sneha,Card,,08/08/2025,32,Friday
19/08/2025 23:18:14,19/08/2025 23:18:14,Ritu Mehta,+91 7905072368,False,False,False,False,False,False,True,True,False,True,,1979,Sneha,Cash,Helper1,19/08/2025,34,Tuesday
03/08/2025 01:09:14,03/08/2025 01:09:14,Sneha Gupta,+91 3842797881,False,True,False,False,True,True,False,False,False,False,,1648,Ritu,Card,,03/08/2025,31,Sunday
04/07/2025 09:00:14,04/07/2025 09:00:14,Sakshi Kumar,+91 3407451713,False,False,False,False,False,False,False,False,False,True,,559,Ritu,Wallet,Helper2,04/07/2025,27,Friday
11/11/2025 23:57:14,11/11/2025 23:57:14,Kavita Reddy,+91 3095849825,False,False,False,False,True,False,False,False,True,True,,1361,Kavita,Cash,Helper3,11/11/2025,46,Tuesday
21/11/2025 23:51:14,21/11/2025 23:51:14,Neha Singh,+91 3253672946,False,True,False,False,False,False,False,True,False,False,,907,Ritu,UPI,Helper3,21/11/2025,47,Friday
02/10/2025 04:27:14,02/10/2025 04:27:14,Divya Rao,+91 0175186363,False,False,False,False,True,True,False,False,False,False,,1035,Ritu,Card,,02/10/2025,40,Thursday
03/09/2025 07:55:14,03/09/2025 07:55:14,Anjali Sharma,+91 0170127706,False,False,True,False,False,False,False,False,False,False,,509,Sneha,UPI,Helper1,03/09/2025,36,Wednesday
22/11/2025 02:23:14,22/11/2025 02:23:14,Priya Patel,+91 5206436110,False,False,False,False,False,False,False,True,False,False,,279,Sneha,Card,,22/11/2025,47,Saturday
09/06/2025 21:51:14,09/06/2025 21:51:14,Ritu Mehta,+91 1627136111,False,False,False,False,True,True,False,False,False,False,,931,Sneha,Card,Helper1,09/06/2025,24,Monday
21/10/2025 06:07:14,21/10/2025 06:07:14,Divya Rao,+91 2753269731,False,False,True,False,False,False,False,False,False,False,,326,Ritu,Wallet,Helper3,21/10/2025,43,Tuesday
25/09/2025 02:57:14,25/09/2025 02:57:14,Neha Singh,+91 3413899940,False,False,False,True,True,False,False,False,True,False,,1358,Sneha,Wallet,,25/09/2025,39,Thursday
06/07/2025 00:38:14,06/07/2025 00:38:14,Sakshi Kumar,+91 9180552696,False,False,True,False,False,False,False,False,True,False,,956,Priya,Cash,Helper1,06/07/2025,27,Sunday
14/08/2025 00:09:14,14/08/2025 00:09:14,Anjali Sharma,+91 6848666188,False,True,True,False,True,False,False,False,False,False,,1520,Sneha,Card,Helper3,14/08/2025,33,Thursday
16/09/2025 06:47:14,16/09/2025 06:47:14,Sakshi Kumar,+91 1463031617,True,False,False,False,True,False,False,False,False,True,,913,Sneha,Cash,Helper2,16/09/2025,38,Tuesday
13/10/2025 02:40:14,13/10/2025 02:40:14,Aditi Joshi,+91 4252410564,False,True,False,False,True,False,False,False,False,True,,2097,Anjali,Cash,,13/10/2025,42,Monday
30/10/2025 23:30:14,30/10/2025 23:30:14,Neha Singh,+91 4191380003,False,False,False,False,False,False,False,True,False,False,,572,Kavita,Card,Helper2,30/10/2025,44,Thursday
17/06/2025 05:58:14,17/06/2025 05:58:14,Nisha Verma,+91 6353654195,False,False,False,False,False,False,False,False,True,False,,253,Sneha,Card,Helper1,17/06/2025,25,Tuesday
17/09/2025 23:03:14,17/09/2025 23:03:14,Simran Kaur,+91 4451870534,False,False,False,True,True,False,False,True,False,False,,1682,Ritu,Card,Helper2,17/09/2025,38,Wednesday
09/06/2025 03:08:14,09/06/2025 03:08:14,Kavita Reddy,+91 8505064138,False,False,False,False,False,False,True,False,False,False,,703,Priya,Card,Helper3,09/06/2025,24,Monday
30/06/2025 22:05:14,30/06/2025 22:05:14,Kavita Reddy,+91 8657191826,False,False,False,False,False,False,False,False,False,True,,781,Priya,Wallet,Helper2,30/06/2025,27,Monday
07/08/2025 01:23:14,07/08/2025 01:23:14,Ritu Mehta,+91 6557431329,False,False,True,False,False,False,False,False,False,False,,308,Sneha,Wallet,,07/08/2025,32,Thursday
27/08/2025 03:14:14,27/08/2025 03:14:14,Aditi Joshi,+91 5374741124,True,False,False,True,False,False,False,False,False,True,,1179,Sneha,UPI,,27/08/2025,35,Wednesday
16/10/2025 21:50:14,16/10/2025 21:50:14,Sneha Gupta,+91 4206788317,False,False,True,False,False,False,False,False,False,False,,324,Priya,Cash,Helper2,16/10/2025,42,Thursday
11/07/2025 00:59:14,11/07/2025 00:59:14,Pooja Desai,+91 5199410137,False,True,False,False,False,False,False,False,False,False,,539,Priya,Cash,,11/07/2025,28,Friday
20/06/2025 00:06:14,20/06/2025 00:06:14,Divya Rao,+91 6670662532,False,False,False,False,True,False,False,True,False,False,,587,Ritu,Card,Helper3,20/06/2025,25,Friday
13/10/2025 04:03:14,13/10/2025 04:03:14,Aditi Joshi,+91 7014626383,True,False,False,False,False,False,True,False,True,False,,2015,Kavita,UPI,Helper3,13/10/2025,42,Monday
15/09/2025 01:18:14,15/09/2025 01:18:14,Anjali Sharma,+91 5930407859,False,False,True,False,False,False,False,False,False,False,,302,Sneha,Card,Helper3,15/09/2025,38,Monday
22/10/2025 08:10:14,22/10/2025 08:10:14,Kavita Reddy,+91 9652239559,False,False,False,False,False,True,False,False,False,False,,781,Ritu,Card,Helper2,22/10/2025,43,Wednesday
12/10/2025 05:26:14,12/10/2025 05:26:14,Neha Singh,+91 7010393087,False,False,False,False,False,True,False,False,False,False,,406,Sneha,UPI,Helper2,12/10/2025,41,Sunday
28/08/2025 21:08:14,28/08/2025 21:08:14,Neha Singh,+91 9218515691,False,False,False,False,True,True,False,False,False,False,,700,Kavita,Wallet,Helper3,28/08/2025,35,Thursday
22/07/2025 08:42:14,22/07/2025 08:42:14,Nisha Verma,+91 9539264422,True,False,False,False,False,False,True,False,False,True,,1337,Ritu,Cash,,22/07/2025,30,Tuesday
14/07/2025 02:54:14,14/07/2025 02:54:14,Priya Patel,+91 3552157043,False,True,False,False,False,False,False,False,False,False,,558,Anjali,Cash,Helper1,14/07/2025,29,Monday
20/06/2025 03:35:14,20/06/2025 03:35:14,Nisha Verma,+91 6267658617,False,False,True,True,False,False,False,True,False,False,,1010,Priya,UPI,Helper3,20/06/2025,25,Friday
03/07/2025 22:28:14,03/07/2025 22:28:14,Neha Singh,+91 6218159970,False,False,True,False,False,False,True,False,False,False,,614,Priya,UPI,Helper2,03/07/2025,27,Thursday
26/07/2025 03:51:14,26/07/2025 03:51:14,Aditi Joshi,+91 8444310698,True,False,True,False,False,False,False,False,False,False,,772,Kavita,Cash,Helper3,26/07/2025,30,Saturday
24/11/2025 07:45:14,24/11/2025 07:45:14,Simran Kaur,+91 3103241714,False,False,False,False,False,False,False,True,False,True,,764,Ritu,Wallet,Helper2,24/11/2025,48,Monday
10/09/2025 03:30:14,10/09/2025 03:30:14,Neha Singh,+91 7047743490,False,True,False,False,False,False,False,False,False,False,,287,Anjali,Wallet,Helper2,10/09/2025,37,Wednesday
26/10/2025 22:00:14,26/10/2025 22:00:14,Pooja Desai,+91 8687937416,True,False,True,False,False,False,False,False,True,False,,1359,Sneha,Card,Helper2,26/10/2025,43,Sunday
09/07/2025 21:34:14,09/07/2025 21:34:14,Priya Patel,+91 6329451168,False,False,False,False,False,True,False,False,True,False,,1214,Kavita,Cash,,09/07/2025,28,Wednesday
06/07/2025 03:16:14,06/07/2025 03:16:14,Neha Singh,+91 9991191485,False,False,False,False,True,False,True,False,False,False,,1482,Ritu,Wallet,Helper1,06/07/2025,27,Sunday
22/07/2025 01:32:14,22/07/2025 01:32:14,Neha Singh,+91 9960653074,True,False,False,False,False,True,False,False,False,False,,1028,Anjali,Wallet,Helper1,22/07/2025,30,Tuesday
04/08/2025 23:26:14,04/08/2025 23:26:14,Nisha Verma,+91 7546913736,False,False,False,False,False,True,False,True,True,False,,1346,Priya,UPI,,04/08/2025,32,Monday
12/07/2025 06:03:14,12/07/2025 06:03:14,Divya Rao,+91 0233030705,False,False,False,True,True,True,False,False,False,False,,1998,Priya,Cash,Helper2,12/07/2025,28,Saturday
11/09/2025 04:45:14,11/09/2025 04:45:14,Simran Kaur,+91 2798552414,False,False,False,False,False,False,True,False,False,False,,250,Sneha,Card,Helper2,11/09/2025,37,Thursday
20/11/2025 00:50:14,20/11/2025 00:50:14,Kavita Reddy,+91 4680072290,False,False,False,False,True,False,False,False,False,False,,512,Anjali,Wallet,,20/11/2025,47,Thursday
05/09/2025 04:23:14,05/09/2025 04:23:14,Kavita Reddy,+91 7489691085,False,False,False,False,True,False,False,False,True,True,,1268,Anjali,UPI,Helper3,05/09/2025,36,Friday
17/08/2025 01:48:14,17/08/2025 01:48:14,Nisha Verma,+91 4328309652,True,False,False,False,True,False,False,True,False,False,,1707,Kavita,Cash,Helper2,17/08/2025,33,Sunday
03/09/2025 08:52:14,03/09/2025 08:52:14,Kavita Reddy,+91 8758428241,False,False,True,False,True,False,False,False,False,False,,1159,Anjali,Cash,Helper2,03/09/2025,36,Wednesday
06/09/2025 00:54:14,06/09/2025 00:54:14,Sneha Gupta,+91 6554947170,False,True,False,False,False,False,False,True,False,True,,1433,Kavita,UPI,,06/09/2025,36,Saturday
20/06/2025 23:15:14,20/06/2025 23:15:14,Kavita Reddy,+91 5697252175,True,False,True,False,False,True,False,False,False,False,,1346,Sneha,Card,Helper2,20/06/2025,25,Friday
10/10/2025 22:15:14,10/10/2025 22:15:14,Divya Rao,+91 6666760083,True,False,False,False,False,True,False,False,False,True,,1356,Priya,Card,Helper2,10/10/2025,41,Friday
02/12/2025 02:26:14,02/12/2025 02:26:14,Neha Singh,+91 1689421044,False,False,False,False,False,False,False,False,True,True,,1189,Sneha,UPI,,02/12/2025,49,Tuesday
07/09/2025 00:17:14,07/09/2025 00:17:14,Pooja Desai,+91 0332309821,True,False,False,False,False,False,True,False,False,False,,1208,Ritu,Cash,Helper1,07/09/2025,36,Sunday
23/11/2025 22:48:14,23/11/2025 22:48:14,Anjali Sharma,+91 0167618472,True,False,False,False,False,False,False,False,False,False,,508,Kavita,Cash,Helper3,23/11/2025,47,Sunday
14/11/2025 06:51:14,14/11/2025 06:51:14,Neha Singh,+91 6189141173,False,False,False,True,True,False,False,False,False,True,,1687,Sneha,Cash,,14/11/2025,46,Friday
31/07/2025 09:06:14,31/07/2025 09:06:14,Simran Kaur,+91 5300119721,False,True,False,False,True,False,False,False,False,True,,1606,Anjali,Wallet,Helper1,31/07/2025,31,Thursday
03/07/2025 00:02:14,03/07/2025 00:02:14,Anjali Sharma,+91 4556110022,False,False,False,False,False,True,False,True,False,False,,769,Anjali,UPI,Helper2,03/07/2025,27,Thursday
07/07/2025 03:32:14,07/07/2025 03:32:14,Simran Kaur,+91 4676212021,False,False,False,False,False,False,False,True,False,True,,1430,Sneha,Wallet,Helper3,07/07/2025,28,Monday
10/11/2025 22:02:14,10/11/2025 22:02:14,Sakshi Kumar,+91 2771670145,False,False,False,False,False,False,False,False,True,False,,790,Ritu,Card,Helper3,10/11/2025,46,Monday
18/10/2025 05:51:14,18/10/2025 05:51:14,Nisha Verma,+91 9163756289,True,False,False,False,False,False,False,False,False,False,,360,Ritu,Wallet,,18/10/2025,42,Saturday
19/07/2025 22:55:14,19/07/2025 22:55:14,Simran Kaur,+91 5354083866,False,True,False,False,False,False,False,False,False,False,,670,Kavita,Wallet,Helper1,19/07/2025,29,Saturday
13/10/2025 04:27:14,13/10/2025 04:27:14,Priya Patel,+91 7016608801,False,False,False,True,True,False,False,False,False,True,,1788,Priya,Card,,13/10/2025,42,Monday
31/08/2025 05:56:14,31/08/2025 05:56:14,Divya Rao,+91 9757113055,False,False,False,False,True,True,False,False,True,False,,922,Kavita,Card,,31/08/2025,35,Sunday
05/07/2025 01:46:14,05/07/2025 01:46:14,Kavita Reddy,+91 3163735160,False,True,False,False,False,False,False,True,False,True,,1721,Kavita,Cash,Helper1,05/07/2025,27,Saturday
27/10/2025 04:00:14,27/10/2025 04:00:14,Divya Rao,+91 7829221699,False,False,False,False,False,False,True,False,True,False,,1082,Anjali,Wallet,Helper3,27/10/2025,44,Monday
22/08/2025 04:58:14,22/08/2025 04:58:14,Neha Singh,+91 2698485833,False,False,False,False,False,False,False,False,False,True,,497,Anjali,Card,Helper2,22/08/2025,34,Friday
14/10/2025 05:51:14,14/10/2025 05:51:14,Sakshi Kumar,+91 5158799684,True,False,False,False,False,False,False,False,True,False,,534,Kavita,Card,Helper1,14/10/2025,42,Tuesday
25/11/2025 21:19:14,25/11/2025 21:19:14,Sneha Gupta,+91 2442043805,False,True,False,False,False,False,False,False,True,False,,1203,Kavita,Card,Helper3,25/11/2025,48,Tuesday
02/12/2025 07:10:14,02/12/2025 07:10:14,Pooja Desai,+91 6658004397,False,False,False,False,False,True,False,False,False,False,,759,Ritu,Card,Helper2,02/12/2025,49,Tuesday
22/08/2025 04:18:14,22/08/2025 04:18:14,Sakshi Kumar,+91 1228160648,False,False,True,False,False,False,False,False,False,True,,1259,Priya,UPI,,22/08/2025,34,Friday
16/07/2025 21:16:14,16/07/2025 21:16:14,Ritu Mehta,+91 9094798515,False,True,True,True,False,False,False,False,False,False,,1705,Ritu,Wallet,Helper1,16/07/2025,29,Wednesday
05/09/2025 01:03:14,05/09/2025 01:03:14,Kavita Reddy,+91 5554398780,False,False,False,False,False,True,False,False,False,False,,656,Sneha,Card,Helper1,05/09/2025,36,Friday
29/11/2025 02:31:14,29/11/2025 02:31:14,Priya Patel,+91 6484085887,True,False,False,False,True,False,False,False,False,False,,925,Ritu,Cash,Helper1,29/11/2025,48,Saturday
20/07/2025 05:41:14,20/07/2025 05:41:14,Anjali Sharma,+91 1336138612,False,False,False,False,False,False,False,True,False,False,,539,Priya,Cash,Helper1,20/07/2025,29,Sunday
20/06/2025 23:57:14,20/06/2025 23:57:14,Sneha Gupta,+91 8193466766,True,False,False,False,False,False,True,False,False,False,,1068,Priya,Cash,Helper1,20/06/2025,25,Friday
03/12/2025 22:29:14,03/12/2025 22:29:14,Aditi Joshi,+91 1449147660,False,False,True,False,False,False,False,False,True,False,,764,Kavita,UPI,Helper2,03/12/2025,49,Wednesday
23/08/2025 08:03:14,23/08/2025 08:03:14,Nisha Verma,+91 5088210099,False,False,False,False,False,False,False,False,True,True,,799,Sneha,UPI,Helper2,23/08/2025,34,Saturday
21/09/2025 08:01:14,21/09/2025 08:01:14,Aditi Joshi,+91 2223943129,False,False,False,False,False,False,False,False,True,False,,672,Ritu,Cash,Helper3,21/09/2025,38,Sunday
25/11/2025 22:23:14,25/11/2025 22:23:14,Priya Patel,+91 3975523149,False,False,False,True,False,False,False,False,False,False,,525,Kavita,Wallet,Helper3,25/11/2025,48,Tuesday
12/11/2025 07:26:14,12/11/2025 07:26:14,Nisha Verma,+91 9299556205,False,False,False,True,False,False,False,False,False,False,,646,Anjali,UPI,Helper2,12/11/2025,46,Wednesday
28/11/2025 08:28:14,28/11/2025 08:28:14,Simran Kaur,+91 7754781291,False,False,True,False,False,False,False,False,True,False,,870,Priya,Cash,Helper1,28/11/2025,48,Friday
15/10/2025 07:08:14,15/10/2025 07:08:14,Divya Rao,+91 9693084887,False,False,True,False,False,True,True,False,False,False,,1262,Kavita,Cash,,15/10/2025,42,Wednesday
09/09/2025 05:07:14,09/09/2025 05:07:14,Sakshi Kumar,+91 3928272299,False,False,True,False,False,True,False,True,False,False,,1364,Sneha,Cash,Helper3,09/09/2025,37,Tuesday
10/09/2025 00:09:14,10/09/2025 00:09:14,Sakshi Kumar,+91 3856770051,False,False,False,False,True,False,False,False,True,True,,2332,Sneha,Wallet,,10/09/2025,37,Wednesday
09/09/2025 06:48:14,09/09/2025 06:48:14,Priya Patel,+91 8463865577,True,False,True,False,False,False,False,False,True,False,,1454,Priya,UPI,Helper2,09/09/2025,37,Tuesday
15/07/2025 23:17:14,15/07/2025 23:17:14,Ritu Mehta,+91 9136517773,True,False,True,False,False,False,True,False,False,False,,1023,Ritu,Card,Helper2,15/07/2025,29,Tuesday
16/11/2025 05:09:14,16/11/2025 05:09:14,Divya Rao,+91 2024286990,False,True,False,True,True,False,False,False,False,False,,2034,Sneha,Card,,16/11/2025,46,Sunday
07/11/2025 23:57:14,07/11/2025 23:57:14,Divya Rao,+91 2984257991,False,False,False,False,False,False,True,False,False,False,,594,Sneha,Cash,Helper1,07/11/2025,45,Friday
29/07/2025 06:02:14,29/07/2025 06:02:14,Aditi Joshi,+91 6291279908,False,True,False,False,False,False,False,True,False,True,,1286,Kavita,Wallet,Helper3,29/07/2025,31,Tuesday
19/06/2025 08:40:14,19/06/2025 08:40:14,Pooja Desai,+91 3765991624,False,True,False,True,False,False,False,False,False,False,,1246,Kavita,UPI,Helper2,19/06/2025,25,Thursday
09/06/2025 08:54:14,09/06/2025 08:54:14,Anjali Sharma,+91 9818063565,False,False,True,False,False,False,False,False,False,False,,636,Ritu,UPI,Helper3,09/06/2025,24,Monday
23/10/2025 03:43:14,23/10/2025 03:43:14,Ritu Mehta,+91 9463688725,False,False,False,False,True,False,False,True,True,False,,1857,Kavita,Card,Helper1,23/10/2025,43,Thursday
05/08/2025 04:57:14,05/08/2025 04:57:14,Nisha Verma,+91 2138658902,True,True,False,False,False,False,False,False,False,False,,1030,Ritu,Wallet,Helper1,05/08/2025,32,Tuesday
24/06/2025 01:21:14,24/06/2025 01:21:14,Ritu Mehta,+91 1906698490,False,False,False,False,False,False,False,True,False,False,,649,Priya,Card,Helper3,24/06/2025,26,Tuesday
26/07/2025 21:57:14,26/07/2025 21:57:14,Divya Rao,+91 8839205302,False,False,False,False,True,False,False,False,False,False,,609,Anjali,Wallet,,26/07/2025,30,Saturday
05/11/2025 00:40:14,05/11/2025 00:40:14,Anjali Sharma,+91 1184895543,False,False,False,True,False,False,True,True,False,False,,1459,Sneha,Wallet,Helper1,05/11/2025,45,Wednesday
28/10/2025 22:39:14,28/10/2025 22:39:14,Sneha Gupta,+91 5184894769,False,False,False,True,False,True,False,False,False,False,,1340,Ritu,Cash,,28/10/2025,44,Tuesday
07/07/2025 01:11:14,07/07/2025 01:11:14,Pooja Desai,+91 3356588043,False,True,False,False,False,False,True,False,False,False,,827,Ritu,Card,,07/07/2025,28,Monday
27/08/2025 02:20:14,27/08/2025 02:20:14,Divya Rao,+91 4237333433,False,False,False,True,False,False,False,False,False,False,,564,Sneha,Cash,Helper1,27/08/2025,35,Wednesday
28/06/2025 07:49:14,28/06/2025 07:49:14,Simran Kaur,+91 9080759579,False,False,True,False,False,False,False,True,False,False,,1209,Kavita,Card,Helper2,28/06/2025,26,Saturday
21/06/2025 05:58:14,21/06/2025 05:58:14,Pooja Desai,+91 7808562718,True,False,False,False,False,True,False,False,False,False,,627,Kavita,Cash,Helper3,21/06/2025,25,Saturday
08/09/2025 07:02:14,08/09/2025 07:02:14,Sneha Gupta,+91 2843479552,False,False,False,True,False,False,True,False,False,False,,1210,Anjali,Wallet,Helper3,08/09/2025,37,Monday
30/09/2025 23:43:14,30/09/2025 23:43:14,Neha Singh,+91 9314386632,True,False,True,False,False,False,False,True,False,False,,1722,Sneha,UPI,,30/09/2025,40,Tuesday
23/08/2025 01:42:14,23/08/2025 01:42:14,Divya Rao,+91 0612034717,False,False,False,False,True,True,False,False,False,True,,2111,Anjali,UPI,Helper1,23/08/2025,34,Saturday
20/09/2025 22:29:14,20/09/2025 22:29:14,Sakshi Kumar,+91 9399824558,False,True,False,False,False,False,False,True,False,False,,1083,Kavita,Card,Helper2,20/09/2025,38,Saturday
18/11/2025 02:33:14,18/11/2025 02:33:14,Sakshi Kumar,+91 9961125355,False,False,False,False,True,False,True,False,False,True,,1703,Ritu,Wallet,,18/11/2025,47,Tuesday
20/07/2025 00:01:14,20/07/2025 00:01:14,Anjali Sharma,+91 2341326111,True,False,False,False,False,False,False,False,True,False,,832,Ritu,Cash,Helper1,20/07/2025,29,Sunday
14/08/2025 06:16:14,14/08/2025 06:16:14,Priya Patel,+91 6433472282,True,False,False,False,False,False,False,False,False,False,,565,Anjali,Wallet,,14/08/2025,33,Thursday
24/10/2025 01:42:14,24/10/2025 01:42:14,Simran Kaur,+91 2829979688,False,False,False,False,False,True,False,True,False,False,,1184,Priya,Wallet,Helper3,24/10/2025,43,Friday
09/09/2025 03:23:14,09/09/2025 03:23:14,Neha Singh,+91 4008254780,False,False,False,False,True,False,False,True,False,True,,1348,Ritu,Card,Helper1,09/09/2025,37,Tuesday
26/10/2025 02:19:14,26/10/2025 02:19:14,Pooja Desai,+91 8663266341,False,False,False,True,False,False,False,False,True,False,,969,Ritu,UPI,,26/10/2025,43,Sunday
25/07/2025 22:18:14,25/07/2025 22:18:14,Neha Singh,+91 4179749735,False,False,True,False,False,False,False,False,False,False,,250,Ritu,Cash,Helper2,25/07/2025,30,Friday
04/07/2025 01:24:14,04/07/2025 01:24:14,Neha Singh,+91 7031207356,False,False,False,False,False,True,False,True,False,False,,906,Anjali,Cash,Helper2,04/07/2025,27,Friday
22/06/2025 01:56:14,22/06/2025 01:56:14,Pooja Desai,+91 1872346013,False,False,False,True,False,False,False,True,False,False,,637,Kavita,Cash,Helper2,22/06/2025,25,Sunday
07/10/2025 03:50:14,07/10/2025 03:50:14,Sneha Gupta,+91 5208814743,True,False,False,True,False,False,False,False,False,False,,756,Kavita,UPI,Helper1,07/10/2025,41,Tuesday
20/07/2025 01:44:14,20/07/2025 01:44:14,Priya Patel,+91 6300979251,False,False,True,False,False,False,False,False,False,False,,711,Priya,UPI,Helper1,20/07/2025,29,Sunday
23/06/2025 02:48:14,23/06/2025 02:48:14,Neha Singh,+91 8127358573,False,False,False,False,False,False,True,False,False,False,,566,Sneha,UPI,Helper1,23/06/2025,26,Monday
10/10/2025 08:35:14,10/10/2025 08:35:14,Aditi Joshi,+91 4873928557,False,False,False,False,False,False,False,False,True,True,,634,Ritu,Card,,10/10/2025,41,Friday
22/08/2025 01:41:14,22/08/2025 01:41:14,Ritu Mehta,+91 7086209593,False,True,False,False,False,False,False,False,True,False,,990,Ritu,Wallet,Helper2,22/08/2025,34,Friday
11/11/2025 01:27:14,11/11/2025 01:27:14,Pooja Desai,+91 5118102203,False,False,False,False,False,False,False,True,False,False,,396,Priya,Cash,,11/11/2025,46,Tuesday
23/11/2025 04:40:14,23/11/2025 04:40:14,Divya Rao,+91 9405391037,False,False,False,False,False,False,False,True,False,False,,262,Anjali,Wallet,Helper3,23/11/2025,47,Sunday
22/06/2025 06:24:14,22/06/2025 06:24:14,Aditi Joshi,+91 0141381138,False,False,False,True,False,False,False,False,False,True,,1192,Ritu,Card,,22/06/2025,25,Sunday
05/07/2025 07:43:14,05/07/2025 07:43:14,Ritu Mehta,+91 7612286852,False,False,False,False,False,True,False,True,False,True,,1817,Anjali,Wallet,,05/07/2025,27,Saturday
29/08/2025 06:22:14,29/08/2025 06:22:14,Divya Rao,+91 8368457760,True,False,False,False,True,False,False,False,False,True,,1577,Priya,UPI,Helper2,29/08/2025,35,Friday
01/08/2025 02:08:14,01/08/2025 02:08:14,Nisha Verma,+91 4888992107,False,False,True,False,False,False,False,False,False,True,,1046,Ritu,Card,Helper2,01/08/2025,31,Friday
12/08/2025 01:12:14,12/08/2025 01:12:14,Divya Rao,+91 6931572791,True,False,False,False,True,False,True,False,False,False,,1079,Anjali,Wallet,,12/08/2025,33,Tuesday
08/07/2025 00:54:14,08/07/2025 00:54:14,Sakshi Kumar,+91 9060480589,False,False,False,False,False,True,False,False,False,False,,714,Sneha,Card,Helper1,08/07/2025,28,Tuesday
27/11/2025 08:32:14,27/11/2025 08:32:14,Simran Kaur,+91 9981364622,False,True,False,False,False,False,False,True,False,False,,1035,Ritu,Wallet,Helper3,27/11/2025,48,Thursday
29/06/2025 03:39:14,29/06/2025 03:39:14,Pooja Desai,+91 2278376938,False,False,False,True,False,False,False,False,True,True,,1385,Anjali,Cash,Helper1,29/06/2025,26,Sunday
26/11/2025 03:34:14,26/11/2025 03:34:14,Ritu Mehta,+91 5355904259,False,False,True,False,False,False,False,False,False,True,,896,Sneha,Card,Helper3,26/11/2025,48,Wednesday
17/07/2025 09:01:14,17/07/2025 09:01:14,Priya Patel,+91 1039240514,True,False,False,False,False,False,False,True,False,False,,953,Ritu,Card,Helper2,17/07/2025,29,Thursday
25/10/2025 05:55:14,25/10/2025 05:55:14,Sneha Gupta,+91 8792069804,True,False,False,False,False,False,False,False,False,False,,490,Sneha,UPI,Helper1,25/10/2025,43,Saturday
05/10/2025 07:07:14,05/10/2025 07:07:14,Priya Patel,+91 6451046368,False,True,False,False,False,True,False,True,False,False,,1424,Sneha,Wallet,Helper1,05/10/2025,40,Sunday
18/06/2025 01:06:14,18/06/2025 01:06:14,Aditi Joshi,+91 4576205554,False,False,False,False,False,False,False,False,True,False,,482,Priya,UPI,,18/06/2025,25,Wednesday
15/06/2025 05:24:14,15/06/2025 05:24:14,Kavita Reddy,+91 2562168936,False,False,False,False,False,False,False,False,False,True,,356,Kavita,UPI,Helper3,15/06/2025,24,Sunday
30/09/2025 05:15:14,30/09/2025 05:15:14,Kavita Reddy,+91 2983248262,False,False,True,False,False,True,False,False,False,True,,1784,Priya,Card,Helper3,30/09/2025,40,Tuesday
15/07/2025 08:08:14,15/07/2025 08:08:14,Ritu Mehta,+91 6647423122,False,False,False,False,False,False,False,False,False,True,,473,Ritu,Card,Helper2,15/07/2025,29,Tuesday
06/08/2025 07:08:14,06/08/2025 07:08:14,Ritu Mehta,+91 1728975267,False,False,True,False,False,False,False,False,False,True,,828,Priya,Wallet,Helper1,06/08/2025,32,Wednesday
16/08/2025 03:21:14,16/08/2025 03:21:14,Nisha Verma,+91 3312797573,True,False,False,False,False,False,True,False,False,False,,1109,Kavita,Cash,Helper1,16/08/2025,33,Saturday
01/10/2025 04:59:14,01/10/2025 04:59:14,Anjali Sharma,+91 3886086803,False,False,False,False,False,False,True,True,False,False,,1003,Kavita,Card,,01/10/2025,40,Wednesday
22/08/2025 07:05:14,22/08/2025 07:05:14,Anjali Sharma,+91 8277181298,False,False,False,False,False,False,True,False,False,False,,623,Anjali,Wallet,Helper1,22/08/2025,34,Friday
23/07/2025 04:44:14,23/07/2025 04:44:14,Nisha Verma,+91 3714521117,False,True,False,False,False,True,True,False,False,False,,1673,Ritu,Wallet,Helper1,23/07/2025,30,Wednesday
21/07/2025 02:43:14,21/07/2025 02:43:14,Sakshi Kumar,+91 2222064474,False,True,True,False,False,False,False,False,False,True,,1069,Priya,Wallet,,21/07/2025,30,Monday
13/10/2025 05:58:14,13/10/2025 05:58:14,Anjali Sharma,+91 9733977671,True,False,False,True,False,False,False,False,False,True,,2014,Sneha,Cash,Helper2,13/10/2025,42,Monday
14/07/2025 21:48:14,14/07/2025 21:48:14,Ritu Mehta,+91 0209945101,False,False,True,False,False,False,False,False,False,True,,1277,Ritu,Card,,14/07/2025,29,Monday
03/11/2025 03:06:14,03/11/2025 03:06:14,Anjali Sharma,+91 1455616814,False,True,True,False,False,False,False,False,False,False,,1018,Ritu,Wallet,Helper2,03/11/2025,45,Monday
03/12/2025 00:46:14,03/12/2025 00:46:14,Anjali Sharma,+91 1981794695,False,False,False,False,False,True,False,False,True,False,,1108,Kavita,Wallet,,03/12/2025,49,Wednesday
24/07/2025 06:21:14,24/07/2025 06:21:14,Nisha Verma,+91 4301071396,True,False,False,False,False,True,False,False,False,False,,1331,Sneha,Cash,Helper2,24/07/2025,30,Thursday
01/12/2025 01:23:14,01/12/2025 01:23:14,Priya Patel,+91 4488501556,True,False,True,False,False,False,False,False,False,True,,1482,Kavita,Wallet,Helper1,01/12/2025,49,Monday
19/11/2025 23:37:14,19/11/2025 23:37:14,Neha Singh,+91 7857608495,True,False,False,True,False,False,False,False,True,False,,1892,Priya,Card,Helper3,19/11/2025,47,Wednesday
15/06/2025 02:31:14,15/06/2025 02:31:14,Sakshi Kumar,+91 8299629145,True,False,False,False,True,False,True,False,False,False,,1439,Anjali,Wallet,Helper3,15/06/2025,24,Sunday
02/08/2025 05:26:14,02/08/2025 05:26:14,Neha Singh,+91 1503178078,False,False,False,True,False,False,False,False,False,False,,548,Kavita,UPI,Helper3,02/08/2025,31,Saturday
13/07/2025 22:59:14,13/07/2025 22:59:14,Aditi Joshi,+91 2307681040,False,True,False,False,False,True,False,False,False,True,,1230,Ritu,UPI,Helper1,13/07/2025,28,Sunday
02/11/2025 01:47:14,02/11/2025 01:47:14,Kavita Reddy,+91 5334485714,False,False,True,False,False,False,False,False,False,False,,480,Priya,Cash,Helper1,02/11/2025,44,Sunday
30/07/2025 05:29:14,30/07/2025 05:29:14,Aditi Joshi,+91 5424932149,False,False,False,False,False,False,False,True,True,False,,584,Priya,Wallet,Helper1,30/07/2025,31,Wednesday
05/07/2025 03:10:14,05/07/2025 03:10:14,Priya Patel,+91 6629979545,False,False,False,False,False,False,False,False,True,False,,280,Kavita,Card,Helper1,05/07/2025,27,Saturday
03/12/2025 04:13:14,03/12/2025 04:13:14,Simran Kaur,+91 4773329456,False,False,False,False,False,True,False,False,False,False,,532,Kavita,Wallet,Helper1,03/12/2025,49,Wednesday
24/06/2025 04:14:14,24/06/2025 04:14:14,Ritu Mehta,+91 7724599281,False,True,False,False,False,True,False,False,False,False,,1041,Anjali,Wallet,,24/06/2025,26,Tuesday
06/11/2025 03:22:14,06/11/2025 03:22:14,Divya Rao,+91 3827615396,False,False,False,False,False,True,False,False,False,True,,1198,Sneha,Cash,,06/11/2025,45,Thursday
07/07/2025 06:45:14,07/07/2025 06:45:14,Simran Kaur,+91 5817246191,False,False,False,False,False,True,True,False,False,True,,1260,Sneha,Card,Helper1,07/07/2025,28,Monday
15/07/2025 07:16:14,15/07/2025 07:16:14,Simran Kaur,+91 8469973354,False,False,False,False,True,True,True,False,False,False,,1295,Ritu,Wallet,Helper2,15/07/2025,29,Tuesday
21/08/2025 21:30:14,21/08/2025 21:30:14,Aditi Joshi,+91 0085140369,False,False,False,False,False,True,True,False,False,False,,1205,Kavita,Card,Helper2,21/08/2025,34,Thursday
06/10/2025 23:19:14,06/10/2025 23:19:14,Aditi Joshi,+91 6562422010,False,False,False,False,False,False,False,True,False,False,,647,Sneha,Cash,Helper2,06/10/2025,41,Monday
19/11/2025 04:02:14,19/11/2025 04:02:14,Simran Kaur,+91 9692786876,False,False,True,True,False,False,False,False,False,False,,841,Ritu,Wallet,Helper2,19/11/2025,47,Wednesday
14/10/2025 01:33:14,14/10/2025 01:33:14,Aditi Joshi,+91 9500975197,False,True,True,False,True,False,False,False,False,False,,1685,Ritu,Cash,Helper2,14/10/2025,42,Tuesday
06/10/2025 07:54:14,06/10/2025 07:54:14,Sakshi Kumar,+91 1894905807,False,False,False,False,False,False,False,True,True,False,,1326,Kavita,UPI,Helper3,06/10/2025,41,Monday
20/08/2025 23:09:14,20/08/2025 23:09:14,Nisha Verma,+91 9494079290,True,False,False,False,True,False,False,False,False,True,,1309,Ritu,Cash,Helper3,20/08/2025,34,Wednesday
10/08/2025 23:46:14,10/08/2025 23:46:14,Sneha Gupta,+91 4401929275,False,False,False,False,True,False,False,False,False,False,,441,Kavita,Card,Helper1,10/08/2025,32,Sunday
02/09/2025 22:16:14,02/09/2025 22:16:14,Divya Rao,+91 2766372395,False,False,False,False,True,False,False,False,False,False,,318,Priya,Card,,02/09/2025,36,Tuesday
18/09/2025 04:26:14,18/09/2025 04:26:14,Simran Kaur,+91 8366742860,False,False,False,False,False,False,True,True,False,False,,1265,Priya,Cash,Helper3,18/09/2025,38,Thursday
26/09/2025 07:05:14,26/09/2025 07:05:14,Sakshi Kumar,+91 4544149673,False,False,False,True,False,True,False,False,False,True,,1664,Priya,Cash,Helper1,26/09/2025,39,Friday
11/06/2025 03:13:14,11/06/2025 03:13:14,Aditi Joshi,+91 1753443009,True,False,False,False,False,False,False,False,False,False,,422,Ritu,Cash,Helper1,11/06/2025,24,Wednesday
30/06/2025 06:15:14,30/06/2025 06:15:14,Pooja Desai,+91 9212447174,False,False,False,False,True,True,False,False,False,False,,640,Anjali,Cash,,30/06/2025,27,Monday
15/09/2025 02:10:14,15/09/2025 02:10:14,Sneha Gupta,+91 4271739627,False,False,True,False,False,False,False,False,False,False,,753,Kavita,Card,Helper1,15/09/2025,38,Monday
29/09/2025 08:23:14,29/09/2025 08:23:14,Priya Patel,+91 0119470720,False,False,False,False,False,False,True,False,False,False,,472,Sneha,UPI,,29/09/2025,40,Monday
01/11/2025 21:39:14,01/11/2025 21:39:14,Nisha Verma,+91 7766183067,False,False,False,False,False,False,False,False,False,True,,748,Anjali,UPI,Helper3,01/11/2025,44,Saturday
17/09/2025 21:47:14,17/09/2025 21:47:14,Sakshi Kumar,+91 1585174328,False,False,False,False,False,False,True,False,False,False,,395,Anjali,Wallet,Helper1,17/09/2025,38,Wednesday
16/11/2025 08:29:14,16/11/2025 08:29:14,Simran Kaur,+91 1732030937,False,True,False,False,False,False,False,False,True,False,,1226,Ritu,Wallet,Helper1,16/11/2025,46,Sunday
17/06/2025 02:10:14,17/06/2025 02:10:14,Ritu Mehta,+91 0613878293,True,False,False,False,False,False,False,False,False,False,,344,Kavita,Cash,,17/06/2025,25,Tuesday
12/11/2025 21:22:14,12/11/2025 21:22:14,Nisha Verma,+91 2020417929,False,True,False,False,False,False,False,False,False,False,,316,Kavita,Card,Helper1,12/11/2025,46,Wednesday
29/07/2025 03:28:14,29/07/2025 03:28:14,Nisha Verma,+91 6519825309,False,False,False,False,False,True,False,False,False,False,,264,Priya,UPI,Helper2,29/07/2025,31,Tuesday
21/09/2025 23:51:14,21/09/2025 23:51:14,Ritu Mehta,+91 8273902196,True,False,False,False,False,False,False,False,False,False,,698,Priya,Cash,Helper1,21/09/2025,38,Sunday
22/07/2025 22:52:14,22/07/2025 22:52:14,Sakshi Kumar,+91 9467232487,False,False,True,True,False,False,False,False,False,False,,622,Kavita,Cash,Helper3,22/07/2025,30,Tuesday
05/09/2025 03:07:14,05/09/2025 03:07:14,Aditi Joshi,+91 3318195883,False,False,False,True,True,False,False,False,False,False,,652,Priya,Card,,05/09/2025,36,Friday
12/10/2025 23:17:14,12/10/2025 23:17:14,Sakshi Kumar,+91 0054364597,False,True,False,False,False,False,False,False,False,False,,253,Ritu,Card,Helper2,12/10/2025,41,Sunday
15/06/2025 04:39:14,15/06/2025 04:39:14,Priya Patel,+91 1379956353,False,False,False,False,False,True,False,False,False,False,,433,Priya,Card,,15/06/2025,24,Sunday
29/07/2025 04:04:14,29/07/2025 04:04:14,Kavita Reddy,+91 1797062397,False,False,False,False,False,False,True,False,False,False,,582,Sneha,Wallet,Helper2,29/07/2025,31,Tuesday
16/11/2025 02:24:14,16/11/2025 02:24:14,Kavita Reddy,+91 5209042177,False,False,True,False,False,True,False,False,False,False,,927,Ritu,Card,Helper2,16/11/2025,46,Sunday
02/11/2025 06:01:14,02/11/2025 06:01:14,Kavita Reddy,+91 1687397740,False,False,False,True,False,False,True,False,True,False,,1972,Sneha,Card,Helper1,02/11/2025,44,Sunday
21/09/2025 21:09:14,21/09/2025 21:09:14,Simran Kaur,+91 8068671773,False,False,False,False,False,False,False,False,True,False,,212,Kavita,Card,Helper2,21/09/2025,38,Sunday
07/09/2025 01:22:14,07/09/2025 01:22:14,Sakshi Kumar,+91 1074279907,False,False,True,False,False,False,True,False,False,False,,968,Kavita,Cash,Helper1,07/09/2025,36,Sunday
14/09/2025 08:28:14,14/09/2025 08:28:14,Aditi Joshi,+91 0464989319,True,False,False,False,False,False,False,False,True,False,,824,Priya,Wallet,Helper3,14/09/2025,37,Sunday
05/10/2025 06:09:14,05/10/2025 06:09:14,Ritu Mehta,+91 5281832538,False,False,False,False,False,False,False,True,False,False,,794,Sneha,Card,Helper3,05/10/2025,40,Sunday
06/09/2025 01:39:14,06/09/2025 01:39:14,Sakshi Kumar,+91 6401557788,False,False,False,False,False,False,False,True,False,False,,744,Ritu,UPI,,06/09/2025,36,Saturday
13/11/2025 02:58:14,13/11/2025 02:58:14,Sakshi Kumar,+91 1371162411,False,False,False,False,True,False,False,False,False,False,,314,Sneha,Wallet,Helper2,13/11/2025,46,Thursday
30/07/2025 05:47:14,30/07/2025 05:47:14,Anjali Sharma,+91 4682756704,False,True,False,False,False,False,False,False,False,False,,222,Sneha,UPI,,30/07/2025,31,Wednesday
03/11/2025 02:48:14,03/11/2025 02:48:14,Sakshi Kumar,+91 5798877492,False,False,True,False,True,False,False,False,False,False,,1127,Anjali,UPI,Helper1,03/11/2025,45,Monday
15/07/2025 02:25:14,15/07/2025 02:25:14,Simran Kaur,+91 2928422223,True,False,False,False,False,False,False,False,False,False,,524,Ritu,Card,,15/07/2025,29,Tuesday
13/08/2025 02:18:14,13/08/2025 02:18:14,Kavita Reddy,+91 8055257828,True,True,False,False,False,False,False,False,False,False,,1325,Sneha,Wallet,Helper3,13/08/2025,33,Wednesday
16/07/2025 21:54:14,16/07/2025 21:54:14,Aditi Joshi,+91 8547492975,True,True,False,False,False,False,False,True,False,False,,1425,Anjali,Cash,,16/07/2025,29,Wednesday
13/11/2025 00:35:14,13/11/2025 00:35:14,Ritu Mehta,+91 1509398343,False,True,False,False,False,False,False,False,False,False,,751,Kavita,Cash,,13/11/2025,46,Thursday
27/07/2025 04:27:14,27/07/2025 04:27:14,Divya Rao,+91 9805626565,False,False,False,False,True,False,False,False,False,False,,553,Anjali,UPI,,27/07/2025,30,Sunday
28/10/2025 22:20:14,28/10/2025 22:20:14,Nisha Verma,+91 7674266299,False,False,True,False,False,False,False,False,False,False,,412,Anjali,Wallet,Helper3,28/10/2025,44,Tuesday
24/06/2025 06:55:14,24/06/2025 06:55:14,Pooja Desai,+91 1064628792,False,False,True,False,False,False,False,False,False,False,,590,Anjali,Wallet,Helper1,24/06/2025,26,Tuesday
24/08/2025 06:26:14,24/08/2025 06:26:14,Simran Kaur,+91 8730024471,False,False,True,False,True,False,True,False,False,False,,1382,Priya,UPI,,24/08/2025,34,Sunday
25/06/2025 06:54:14,25/06/2025 06:54:14,Ritu Mehta,+91 9796471589,False,False,False,False,True,False,False,False,False,False,,366,Ritu,Cash,Helper2,25/06/2025,26,Wednesday
28/08/2025 05:03:14,28/08/2025 05:03:14,Nisha Verma,+91 2520456504,False,True,False,False,False,False,False,False,True,False,,1124,Sneha,Cash,Helper2,28/08/2025,35,Thursday
25/10/2025 03:02:14,25/10/2025 03:02:14,Ritu Mehta,+91 4451895202,False,False,False,False,True,True,False,True,False,False,,1535,Priya,Card,Helper2,25/10/2025,43,Saturday
14/10/2025 01:00:14,14/10/2025 01:00:14,Kavita Reddy,+91 8988816711,True,False,False,False,False,False,False,False,False,False,,691,Anjali,UPI,Helper3,14/10/2025,42,Tuesday
13/07/2025 05:03:14,13/07/2025 05:03:14,Divya Rao,+91 8524013223,False,False,True,True,False,False,False,False,False,False,,613,Kavita,Cash,Helper1,13/07/2025,28,Sunday
12/06/2025 04:55:14,12/06/2025 04:55:14,Pooja Desai,+91 0310890714,False,True,False,False,False,False,False,False,False,False,,508,Priya,Cash,Helper1,12/06/2025,24,Thursday
09/11/2025 00:44:14,09/11/2025 00:44:14,Kavita Reddy,+91 2501249552,False,True,False,True,False,False,False,False,False,True,,1307,Ritu,Card,Helper2,09/11/2025,45,Sunday
19/08/2025 00:04:14,19/08/2025 00:04:14,Aditi Joshi,+91 0138759271,False,False,False,False,False,True,False,False,False,False,,588,Kavita,Card,Helper2,19/08/2025,34,Tuesday
19/09/2025 22:55:14,19/09/2025 22:55:14,Ritu Mehta,+91 1718275480,False,False,False,False,False,True,False,False,False,False,,705,Priya,Wallet,Helper3,19/09/2025,38,Friday
02/10/2025 06:54:14,02/10/2025 06:54:14,Sneha Gupta,+91 7386463175,True,False,False,False,False,False,False,False,False,False,,703,Priya,Wallet,,02/10/2025,40,Thursday
19/10/2025 07:50:14,19/10/2025 07:50:14,Priya Patel,+91 1266912153,False,False,False,True,False,False,True,False,False,False,,763,Kavita,Wallet,Helper3,19/10/2025,42,Sunday
03/11/2025 06:24:14,03/11/2025 06:24:14,Sakshi Kumar,+91 6579678427,False,True,False,False,False,False,False,False,False,False,,456,Kavita,Wallet,Helper2,03/11/2025,45,Monday
14/11/2025 23:08:14,14/11/2025 23:08:14,Priya Patel,+91 0170269524,False,True,False,False,False,False,False,False,True,True,,2113,Sneha,UPI,,14/11/2025,46,Friday
11/10/2025 05:23:14,11/10/2025 05:23:14,Aditi Joshi,+91 5880061675,False,False,False,False,False,False,False,True,False,True,,469,Sneha,UPI,Helper2,11/10/2025,41,Saturday
11/10/2025 03:15:14,11/10/2025 03:15:14,Sneha Gupta,+91 6719788977,True,False,True,False,False,False,False,False,True,False,,1775,Ritu,Wallet,Helper3,11/10/2025,41,Saturday
19/08/2025 02:10:14,19/08/2025 02:10:14,Anjali Sharma,+91 9025590561,False,False,False,False,False,True,False,False,False,True,,1180,Priya,Card,Helper2,19/08/2025,34,Tuesday
07/08/2025 07:26:14,07/08/2025 07:26:14,Divya Rao,+91 1141520850,False,False,False,False,False,False,True,False,True,False,,1104,Priya,Wallet,Helper1,07/08/2025,32,Thursday
28/08/2025 03:43:14,28/08/2025 03:43:14,Pooja Desai,+91 5917135785,False,False,False,False,False,False,False,False,False,True,,506,Anjali,Wallet,Helper2,28/08/2025,35,Thursday
13/10/2025 08:01:14,13/10/2025 08:01:14,Priya Patel,+91 8344049639,False,True,False,False,False,True,False,False,False,True,,1527,Ritu,Wallet,,13/10/2025,42,Monday
31/07/2025 02:57:14,31/07/2025 02:57:14,Priya Patel,+91 4846853664,False,False,True,False,False,False,False,True,True,False,,1338,Ritu,Wallet,Helper2,31/07/2025,31,Thursday
24/11/2025 08:36:14,24/11/2025 08:36:14,Sneha Gupta,+91 8969083572,False,False,True,False,False,False,False,False,False,False,,507,Kavita,Wallet,Helper3,24/11/2025,48,Monday
24/06/2025 07:20:14,24/06/2025 07:20:14,Pooja Desai,+91 4424936312,True,False,False,False,False,False,False,False,False,False,,451,Anjali,Wallet,,24/06/2025,26,Tuesday
29/10/2025 03:34:14,29/10/2025 03:34:14,Sakshi Kumar,+91 0324204482,True,False,False,False,False,False,False,True,False,True,,1062,Ritu,UPI,Helper1,29/10/2025,44,Wednesday
20/09/2025 02:49:14,20/09/2025 02:49:14,Sakshi Kumar,+91 1623198189,False,True,False,False,True,False,False,True,False,False,,1288,Anjali,Wallet,Helper2,20/09/2025,38,Saturday
24/09/2025 00:16:14,24/09/2025 00:16:14,Priya Patel,+91 2347649078,False,True,False,False,False,True,False,False,False,False,,1391,Kavita,Card,Helper3,24/09/2025,39,Wednesday
15/07/2025 02:37:14,15/07/2025 02:37:14,Nisha Verma,+91 5409003486,False,True,False,False,False,True,False,False,False,False,,1189,Kavita,Wallet,Helper1,15/07/2025,29,Tuesday
16/09/2025 01:26:14,16/09/2025 01:26:14,Priya Patel,+91 3432756041,False,False,False,False,False,False,True,True,False,False,,1172,Priya,Card,Helper3,16/09/2025,38,Tuesday
14/10/2025 22:29:14,14/10/2025 22:29:14,Pooja Desai,+91 9857002720,False,False,False,True,True,False,False,False,False,False,,1310,Priya,Cash,Helper2,14/10/2025,42,Tuesday
10/08/2025 05:52:14,10/08/2025 05:52:14,Sakshi Kumar,+91 2965772429,False,False,False,True,True,False,False,False,False,False,,910,Anjali,Card,,10/08/2025,32,Sunday
12/09/2025 06:21:14,12/09/2025 06:21:14,Anjali Sharma,+91 0893173420,False,False,False,False,False,False,True,False,False,True,,818,Priya,UPI,Helper2,12/09/2025,37,Friday
30/10/2025 22:07:14,30/10/2025 22:07:14,Nisha Verma,+91 8677133344,False,False,True,False,False,False,True,True,False,False,,1472,Anjali,Card,,30/10/2025,44,Thursday
24/07/2025 03:57:14,24/07/2025 03:57:14,Neha Singh,+91 0443973597,True,False,False,False,False,False,False,False,False,False,,680,Sneha,UPI,,24/07/2025,30,Thursday
30/11/2025 00:52:14,30/11/2025 00:52:14,Pooja Desai,+91 6941180053,True,False,False,False,False,True,False,False,False,False,,664,Ritu,Wallet,Helper3,30/11/2025,48,Sunday
17/09/2025 07:30:14,17/09/2025 07:30:14,Neha Singh,+91 8092428757,False,True,False,False,False,False,False,False,False,False,,524,Ritu,Wallet,Helper2,17/09/2025,38,Wednesday
12/08/2025 22:27:14,12/08/2025 22:27:14,Anjali Sharma,+91 2745644948,False,False,True,False,False,False,True,False,False,False,,1226,Sneha,Wallet,Helper1,12/08/2025,33,Tuesday
25/07/2025 23:10:14,25/07/2025 23:10:14,Kavita Reddy,+91 2074276170,False,False,False,False,False,True,False,False,True,False,,1364,Kavita,Cash,Helper2,25/07/2025,30,Friday
09/07/2025 02:12:14,09/07/2025 02:12:14,Kavita Reddy,+91 4228499390,False,False,True,False,False,False,True,False,False,True,,1440,Priya,UPI,Helper1,09/07/2025,28,Wednesday
19/08/2025 07:50:14,19/08/2025 07:50:14,Priya Patel,+91 6591520177,True,False,False,False,True,False,False,False,False,False,,781,Ritu,Wallet,Helper3,19/08/2025,34,Tuesday
30/10/2025 23:20:14,30/10/2025 23:20:14,Anjali Sharma,+91 4501896164,False,False,False,True,False,False,False,False,False,False,,608,Priya,Cash,Helper2,30/10/2025,44,Thursday
19/07/2025 03:56:14,19/07/2025 03:56:14,Pooja Desai,+91 4214764925,False,True,False,True,False,True,False,False,False,False,,1954,Kavita,UPI,,19/07/2025,29,Saturday
01/07/2025 03:58:14,01/07/2025 03:58:14,Ritu Mehta,+91 9266108573,False,True,True,False,False,False,False,True,False,False,,1823,Priya,Wallet,Helper3,01/07/2025,27,Tuesday
15/07/2025 23:50:14,15/07/2025 23:50:14,Sneha Gupta,+91 3864908108,False,False,False,False,False,False,False,False,True,False,,635,Kavita,Cash,,15/07/2025,29,Tuesday
24/11/2025 08:43:14,24/11/2025 08:43:14,Sneha Gupta,+91 5491801722,True,True,False,False,False,False,False,False,False,False,,1130,Anjali,Wallet,,24/11/2025,48,Monday
14/11/2025 01:28:14,14/11/2025 01:28:14,Neha Singh,+91 3219416800,True,True,False,False,False,False,False,False,False,False,,1063,Kavita,Wallet,,14/11/2025,46,Friday
24/08/2025 06:59:14,24/08/2025 06:59:14,Divya Rao,+91 5641220310,True,False,False,True,False,False,False,False,False,True,,1487,Kavita,Card,Helper1,24/08/2025,34,Sunday
24/08/2025 04:16:14,24/08/2025 04:16:14,Simran Kaur,+91 6012277707,False,False,False,True,True,False,False,False,False,True,,1636,Anjali,Cash,Helper1,24/08/2025,34,Sunday
16/11/2025 08:34:14,16/11/2025 08:34:14,Pooja Desai,+91 7998407678,False,False,False,True,False,False,False,True,False,True,,1221,Kavita,UPI,Helper1,16/11/2025,46,Sunday
15/08/2025 07:33:14,15/08/2025 07:33:14,Simran Kaur,+91 1795760243,False,False,False,False,False,True,False,True,False,False,,1156,Sneha,UPI,,15/08/2025,33,Friday
11/07/2025 01:53:14,11/07/2025 01:53:14,Nisha Verma,+91 6657293417,False,False,True,False,False,False,False,False,False,False,,404,Sneha,Wallet,Helper1,11/07/2025,28,Friday
22/09/2025 04:26:14,22/09/2025 04:26:14,Kavita Reddy,+91 3800545228,False,True,False,False,False,False,False,False,False,False,,545,Kavita,Cash,Helper2,22/09/2025,39,Monday
08/07/2025 05:21:14,08/07/2025 05:21:14,Simran Kaur,+91 4550842891,True,False,False,False,False,False,False,True,True,False,,925,Ritu,Cash,Helper1,08/07/2025,28,Tuesday
20/07/2025 07:14:14,20/07/2025 07:14:14,Kavita Reddy,+91 5247871255,False,True,False,False,False,False,False,False,False,False,,406,Kavita,Wallet,Helper1,20/07/2025,29,Sunday
09/08/2025 04:28:14,09/08/2025 04:28:14,Sneha Gupta,+91 8214565328,False,False,True,True,False,False,False,False,False,False,,1262,Kavita,Wallet,Helper3,09/08/2025,32,Saturday
15/06/2025 04:16:14,15/06/2025 04:16:14,Anjali Sharma,+91 8115562606,False,False,True,False,False,False,False,False,False,False,,788,Priya,UPI,,15/06/2025,24,Sunday
18/09/2025 07:51:14,18/09/2025 07:51:14,Aditi Joshi,+91 4550489267,False,False,False,True,False,False,False,True,True,False,,1569,Anjali,Cash,Helper1,18/09/2025,38,Thursday
23/10/2025 02:31:14,23/10/2025 02:31:14,Nisha Verma,+91 2884318848,True,False,True,False,False,False,False,False,False,False,,980,Ritu,UPI,Helper2,23/10/2025,43,Thursday
24/08/2025 08:34:14,24/08/2025 08:34:14,Aditi Joshi,+91 1054851017,True,False,False,False,False,False,False,False,False,True,,1211,Sneha,Card,Helper3,24/08/2025,34,Sunday
23/08/2025 01:49:14,23/08/2025 01:49:14,Nisha Verma,+91 9268315893,False,True,False,False,False,False,False,True,False,False,,985,Kavita,Cash,Helper1,23/08/2025,34,Saturday
23/06/2025 04:03:14,23/06/2025 04:03:14,Neha Singh,+91 7371586988,False,False,False,False,True,False,False,True,False,False,,1283,Kavita,Wallet,Helper2,23/06/2025,26,Monday
14/07/2025 05:15:14,14/07/2025 05:15:14,Simran Kaur,+91 7288137702,False,True,False,False,False,True,True,False,False,False,,1213,Ritu,UPI,Helper1,14/07/2025,29,Monday
18/10/2025 23:14:14,18/10/2025 23:14:14,Ritu Mehta,+91 4544702296,False,False,False,False,True,False,False,False,False,False,,490,Sneha,Card,,18/10/2025,42,Saturday
07/06/2025 22:42:14,07/06/2025 22:42:14,Ritu Mehta,+91 1067949756,False,False,True,False,False,False,False,False,False,True,,1057,Kavita,Wallet,,07/06/2025,23,Saturday
16/07/2025 08:27:14,16/07/2025 08:27:14,Priya Patel,+91 9966365807,False,True,True,False,True,False,False,False,False,False,,1526,Ritu,Cash,Helper1,16/07/2025,29,Wednesday
27/07/2025 06:41:14,27/07/2025 06:41:14,Divya Rao,+91 0983780182,False,False,False,False,True,False,False,False,False,False,,410,Sneha,Wallet,Helper1,27/07/2025,30,Sunday
22/10/2025 06:27:14,22/10/2025 06:27:14,Pooja Desai,+91 9070562608,False,False,False,False,True,False,True,False,False,False,,610,Priya,Card,Helper3,22/10/2025,43,Wednesday
13/07/2025 23:23:14,13/07/2025 23:23:14,Priya Patel,+91 2462095200,False,True,False,False,False,False,True,False,False,False,,872,Kavita,UPI,Helper3,13/07/2025,28,Sunday
11/09/2025 22:10:14,11/09/2025 22:10:14,Kavita Reddy,+91 3993788614,False,False,False,False,False,True,False,False,False,False,,675,Ritu,Wallet,Helper1,11/09/2025,37,Thursday
08/10/2025 21:33:14,08/10/2025 21:33:14,Sakshi Kumar,+91 3048913824,False,True,False,False,False,False,True,True,False,False,,1465,Anjali,Card,Helper2,08/10/2025,41,Wednesday
23/10/2025 04:05:14,23/10/2025 04:05:14,Aditi Joshi,+91 7007942007,False,False,False,False,True,False,False,False,False,True,,1148,Sneha,UPI,Helper1,23/10/2025,43,Thursday
19/07/2025 08:41:14,19/07/2025 08:41:14,Divya Rao,+91 1416128463,False,False,False,False,False,True,False,False,True,True,,1609,Sneha,UPI,Helper3,19/07/2025,29,Saturday
31/07/2025 04:45:14,31/07/2025 04:45:14,Ritu Mehta,+91 0209700268,False,True,False,False,False,False,True,True,False,False,,1261,Kavita,Cash,Helper3,31/07/2025,31,Thursday
12/09/2025 06:29:14,12/09/2025 06:29:14,Pooja Desai,+91 2017537030,False,False,False,True,False,True,False,False,False,False,,802,Sneha,Card,,12/09/2025,37,Friday
07/09/2025 21:24:14,07/09/2025 21:24:14,Simran Kaur,+91 9303614987,False,False,False,False,False,False,False,False,True,False,,398,Ritu,Card,Helper1,07/09/2025,36,Sunday
04/11/2025 23:54:14,04/11/2025 23:54:14,Priya Patel,+91 2493843089,False,False,False,False,False,False,False,True,True,False,,839,Priya,UPI,,04/11/2025,45,Tuesday
20/09/2025 01:14:14,20/09/2025 01:14:14,Sakshi Kumar,+91 8775803046,True,False,False,False,False,True,False,True,False,False,,1542,Priya,Cash,Helper2,20/09/2025,38,Saturday
01/12/2025 03:11:14,01/12/2025 03:11:14,Kavita Reddy,+91 3254110760,False,False,False,True,True,True,False,False,False,False,,1438,Anjali,Cash,Helper3,01/12/2025,49,Monday
19/10/2025 00:11:14,19/10/2025 00:11:14,Divya Rao,+91 9717911006,False,True,True,False,False,False,False,False,False,False,,915,Priya,UPI,,19/10/2025,42,Sunday
23/06/2025 22:50:14,23/06/2025 22:50:14,Anjali Sharma,+91 8046619639,True,False,False,False,False,False,False,True,False,True,,1906,Ritu,Cash,Helper3,23/06/2025,26,Monday
21/11/2025 07:57:14,21/11/2025 07:57:14,Anjali Sharma,+91 7859311091,False,False,True,True,True,False,False,False,False,False,,1886,Ritu,Wallet,Helper2,21/11/2025,47,Friday
08/08/2025 23:58:14,08/08/2025 23:58:14,Anjali Sharma,+91 0249685498,False,False,True,False,False,False,False,False,False,False,,680,Anjali,UPI,Helper3,08/08/2025,32,Friday
09/09/2025 21:40:14,09/09/2025 21:40:14,Divya Rao,+91 2038806533,False,True,False,True,False,True,False,False,False,False,,1758,Ritu,UPI,Helper3,09/09/2025,37,Tuesday
12/11/2025 01:33:14,12/11/2025 01:33:14,Ritu Mehta,+91 2170730337,False,False,False,True,False,False,False,True,False,True,,1533,Kavita,Card,Helper1,12/11/2025,46,Wednesday
07/09/2025 21:11:14,07/09/2025 21:11:14,Ritu Mehta,+91 0812473950,False,False,False,True,False,False,False,False,False,False,,402,Anjali,Card,Helper2,07/09/2025,36,Sunday
14/08/2025 08:18:14,14/08/2025 08:18:14,Ritu Mehta,+91 8323024102,False,True,False,False,False,True,False,False,False,False,,927,Kavita,Card,Helper3,14/08/2025,33,Thursday
11/09/2025 07:17:14,11/09/2025 07:17:14,Aditi Joshi,+91 9611223386,False,False,False,False,False,True,True,False,False,True,,1090,Ritu,UPI,Helper2,11/09/2025,37,Thursday
30/08/2025 00:10:14,30/08/2025 00:10:14,Sakshi Kumar,+91 4289731791,False,False,False,False,False,False,False,False,True,False,,597,Ritu,UPI,,30/08/2025,35,Saturday
18/10/2025 04:18:14,18/10/2025 04:18:14,Ritu Mehta,+91 5877749690,False,False,False,True,False,False,False,False,False,False,,407,Kavita,Card,,18/10/2025,42,Saturday
02/08/2025 01:34:14,02/08/2025 01:34:14,Pooja Desai,+91 9254812147,True,False,False,True,False,True,False,False,False,False,,1944,Kavita,Wallet,,02/08/2025,31,Saturday
26/09/2025 03:30:14,26/09/2025 03:30:14,Simran Kaur,+91 5460273415,False,False,False,False,True,False,False,False,False,False,,713,Ritu,Cash,Helper3,26/09/2025,39,Friday
04/08/2025 22:14:14,04/08/2025 22:14:14,Priya Patel,+91 5083535444,False,False,False,False,False,False,False,False,False,True,,341,Ritu,UPI,Helper1,04/08/2025,32,Monday
23/08/2025 01:59:14,23/08/2025 01:59:14,Ritu Mehta,+91 6690782633,False,False,False,True,False,False,False,True,False,True,,2172,Kavita,UPI,Helper1,23/08/2025,34,Saturday
27/08/2025 00:34:14,27/08/2025 00:34:14,Nisha Verma,+91 6377805292,True,False,False,False,False,False,False,True,False,False,,1110,Sneha,Wallet,,27/08/2025,35,Wednesday
30/11/2025 03:55:14,30/11/2025 03:55:14,Nisha Verma,+91 8459090225,False,False,False,False,False,False,True,False,True,True,,1274,Ritu,Wallet,Helper2,30/11/2025,48,Sunday
06/10/2025 22:28:14,06/10/2025 22:28:14,Divya Rao,+91 7412182097,False,False,True,False,False,False,False,False,False,False,,403,Priya,Wallet,Helper3,06/10/2025,41,Monday
30/07/2025 00:25:14,30/07/2025 00:25:14,Sakshi Kumar,+91 8170580256,False,True,True,False,False,False,False,False,False,False,,1081,Kavita,Wallet,Helper1,30/07/2025,31,Wednesday
15/09/2025 00:15:14,15/09/2025 00:15:14,Kavita Reddy,+91 4672994938,False,False,False,True,True,False,False,True,False,False,,1209,Priya,Wallet,Helper2,15/09/2025,38,Monday
20/10/2025 03:05:14,20/10/2025 03:05:14,Divya Rao,+91 7779014754,False,False,True,False,False,False,False,False,False,True,,1080,Sneha,Wallet,,20/10/2025,43,Monday
14/09/2025 07:18:14,14/09/2025 07:18:14,Nisha Verma,+91 9160324841,False,False,False,True,False,False,True,True,False,False,,1667,Priya,Cash,Helper3,14/09/2025,37,Sunday
20/09/2025 04:17:14,20/09/2025 04:17:14,Sneha Gupta,+91 3807017656,False,False,False,False,False,False,True,False,False,False,,238,Priya,UPI,Helper1,20/09/2025,38,Saturday
12/07/2025 02:49:14,12/07/2025 02:49:14,Nisha Verma,+91 7771183727,False,False,True,False,False,False,False,False,False,True,,520,Sneha,UPI,Helper1,12/07/2025,28,Saturday
22/10/2025 08:32:14,22/10/2025 08:32:14,Neha Singh,+91 1042752308,False,False,False,False,False,False,False,True,False,False,,248,Ritu,Cash,,22/10/2025,43,Wednesday
01/12/2025 01:35:14,01/12/2025 01:35:14,Anjali Sharma,+91 9006335331,False,False,False,False,False,False,True,False,False,False,,228,Priya,UPI,Helper2,01/12/2025,49,Monday
29/11/2025 07:11:14,29/11/2025 07:11:14,Kavita Reddy,+91 1220681558,False,False,False,True,False,False,True,False,False,True,,1398,Sneha,Cash,Helper3,29/11/2025,48,Saturday
28/08/2025 23:07:14,28/08/2025 23:07:14,Pooja Desai,+91 5063731495,False,True,False,False,False,False,False,False,False,False,,423,Kavita,UPI,,28/08/2025,35,Thursday
04/07/2025 08:41:14,04/07/2025 08:41:14,Divya Rao,+91 2419562525,False,True,False,False,False,True,False,True,False,False,,1676,Kavita,Card,Helper1,04/07/2025,27,Friday
05/08/2025 21:46:14,05/08/2025 21:46:14,Priya Patel,+91 4363910257,False,False,True,True,False,False,False,False,False,False,,993,Priya,Card,,05/08/2025,32,Tuesday
30/08/2025 23:24:14,30/08/2025 23:24:14,Ritu Mehta,+91 0864035533,True,False,False,True,False,False,False,False,True,False,,1852,Sneha,Wallet,Helper1,30/08/2025,35,Saturday
24/06/2025 04:11:14,24/06/2025 04:11:14,Kavita Reddy,+91 0232129833,False,True,False,False,False,False,True,True,False,False,,1288,Sneha,Wallet,Helper2,24/06/2025,26,Tuesday
10/11/2025 00:26:14,10/11/2025 00:26:14,Sneha Gupta,+91 9734715662,False,False,False,False,False,False,True,True,False,False,,1360,Sneha,Wallet,Helper1,10/11/2025,46,Monday
13/09/2025 04:01:14,13/09/2025 04:01:14,Priya Patel,+91 4982824674,False,False,False,False,True,False,True,False,False,False,,1467,Priya,UPI,Helper2,13/09/2025,37,Saturday
06/10/2025 00:16:14,06/10/2025 00:16:14,Kavita Reddy,+91 0085766656,False,True,False,False,True,False,False,False,False,False,,857,Priya,Wallet,Helper2,06/10/2025,41,Monday
27/07/2025 03:23:14,27/07/2025 03:23:14,Nisha Verma,+91 5875066337,False,False,False,False,False,True,False,False,False,False,,228,Sneha,UPI,,27/07/2025,30,Sunday
28/11/2025 23:23:14,28/11/2025 23:23:14,Kavita Reddy,+91 9920116691,False,False,True,True,False,False,True,False,False,False,,1604,Ritu,Wallet,Helper3,28/11/2025,48,Friday
21/09/2025 09:02:14,21/09/2025 09:02:14,Priya Patel,+91 1952436402,True,True,False,False,False,False,False,False,False,False,,898,Ritu,Wallet,Helper3,21/09/2025,38,Sunday
25/09/2025 23:18:14,25/09/2025 23:18:14,Ritu Mehta,+91 2237281793,False,False,False,True,False,False,False,False,False,False,,260,Sneha,Card,Helper3,25/09/2025,39,Thursday
20/09/2025 04:47:14,20/09/2025 04:47:14,Divya Rao,+91 1214161415,False,False,False,False,False,False,False,False,False,True,,440,Kavita,Wallet,Helper1,20/09/2025,38,Saturday
09/06/2025 21:24:14,09/06/2025 21:24:14,Anjali Sharma,+91 9013806984,False,False,False,False,False,True,False,True,False,False,,1183,Anjali,UPI,Helper3,09/06/2025,24,Monday
08/08/2025 02:49:14,08/08/2025 02:49:14,Pooja Desai,+91 6905510762,False,False,False,False,False,False,False,False,False,True,,325,Ritu,UPI,Helper2,08/08/2025,32,Friday
10/09/2025 04:46:14,10/09/2025 04:46:14,Sakshi Kumar,+91 7863050505,False,False,False,True,False,False,False,True,False,True,,1448,Kavita,Wallet,Helper1,10/09/2025,37,Wednesday
14/09/2025 01:45:14,14/09/2025 01:45:14,Kavita Reddy,+91 2898027148,False,False,True,False,False,False,False,True,False,False,,1011,Ritu,Card,Helper2,14/09/2025,37,Sunday
31/07/2025 23:55:14,31/07/2025 23:55:14,Sakshi Kumar,+91 1160256434,False,True,True,False,False,False,False,True,False,False,,1742,Anjali,Card,Helper1,31/07/2025,31,Thursday
19/11/2025 02:31:14,19/11/2025 02:31:14,Nisha Verma,+91 6863341411,False,False,False,False,False,True,False,False,False,False,,392,Priya,UPI,Helper2,19/11/2025,47,Wednesday
27/08/2025 03:43:14,27/08/2025 03:43:14,Nisha Verma,+91 0409836655,False,False,True,True,False,False,False,False,True,False,,1122,Ritu,Wallet,Helper3,27/08/2025,35,Wednesday
15/07/2025 02:00:14,15/07/2025 02:00:14,Kavita Reddy,+91 7729420954,False,True,False,False,True,False,False,True,False,False,,1624,Kavita,Cash,Helper3,15/07/2025,29,Tuesday
17/07/2025 08:20:14,17/07/2025 08:20:14,Nisha Verma,+91 3027642086,False,False,False,False,False,False,True,True,False,False,,1156,Kavita,Cash,Helper3,17/07/2025,29,Thursday
19/08/2025 09:06:14,19/08/2025 09:06:14,Kavita Reddy,+91 8612590472,False,False,True,False,False,False,False,True,True,False,,1260,Sneha,Card,Helper1,19/08/2025,34,Tuesday
08/09/2025 09:01:14,08/09/2025 09:01:14,Divya Rao,+91 1266201572,False,True,False,False,False,False,False,False,False,False,,727,Anjali,Wallet,Helper2,08/09/2025,37,Monday
15/11/2025 08:32:14,15/11/2025 08:32:14,Kavita Reddy,+91 0136749261,False,False,False,False,True,False,True,False,False,False,,1231,Priya,Cash,Helper1,15/11/2025,46,Saturday
28/06/2025 22:38:14,28/06/2025 22:38:14,Sakshi Kumar,+91 8309997419,False,False,False,False,False,False,True,False,False,False,,695,Kavita,UPI,Helper2,28/06/2025,26,Saturday
03/07/2025 02:11:14,03/07/2025 02:11:14,Nisha Verma,+91 8260688871,False,True,False,False,False,False,False,False,True,True,,1117,Ritu,Card,Helper1,03/07/2025,27,Thursday
28/10/2025 04:58:14,28/10/2025 04:58:14,Ritu Mehta,+91 1029321840,False,True,False,False,False,False,False,False,False,False,,718,Anjali,UPI,Helper2,28/10/2025,44,Tuesday
24/09/2025 07:07:14,24/09/2025 07:07:14,Kavita Reddy,+91 4084872975,False,False,False,True,False,True,False,False,True,False,,988,Priya,Card,Helper2,24/09/2025,39,Wednesday
23/08/2025 00:15:14,23/08/2025 00:15:14,Divya Rao,+91 8395429618,False,False,False,False,True,False,True,False,False,False,,976,Kavita,Cash,Helper3,23/08/2025,34,Saturday
28/11/2025 03:51:14,28/11/2025 03:51:14,Neha Singh,+91 8314359892,False,False,True,False,False,True,False,False,False,False,,1232,Priya,Card,Helper1,28/11/2025,48,Friday
15/08/2025 22:41:14,15/08/2025 22:41:14,Priya Patel,+91 8615155423,True,True,False,False,False,False,False,False,False,False,,1013,Kavita,Cash,Helper1,15/08/2025,33,Friday
22/07/2025 05:53:14,22/07/2025 05:53:14,Sneha Gupta,+91 9718594849,True,False,False,False,False,False,False,False,False,False,,374,Anjali,Wallet,Helper2,22/07/2025,30,Tuesday
04/09/2025 08:50:14,04/09/2025 08:50:14,Aditi Joshi,+91 8967924082,False,False,True,False,False,False,True,False,False,True,,1508,Anjali,Card,,04/09/2025,36,Thursday
05/12/2025 04:18:14,05/12/2025 04:18:14,Simran Kaur,+91 5784468341,False,False,False,False,False,True,True,False,False,False,,573,Priya,Card,Helper1,05/12/2025,49,Friday
20/07/2025 06:10:14,20/07/2025 06:10:14,Priya Patel,+91 4870682778,False,True,False,False,False,False,True,False,True,False,,815,Kavita,UPI,Helper2,20/07/2025,29,Sunday
24/11/2025 05:50:14,24/11/2025 05:50:14,Divya Rao,+91 0972832152,True,False,False,False,False,True,True,False,False,False,,1669,Anjali,Cash,Helper3,24/11/2025,48,Monday
28/11/2025 01:00:14,28/11/2025 01:00:14,Aditi Joshi,+91 1447443096,False,False,False,False,True,False,False,False,False,False,,727,Priya,Wallet,,28/11/2025,48,Friday
22/06/2025 02:07:14,22/06/2025 02:07:14,Divya Rao,+91 7545105265,False,True,False,False,False,False,False,False,False,False,,641,Kavita,Card,Helper1,22/06/2025,25,Sunday
21/10/2025 06:04:14,21/10/2025 06:04:14,Neha Singh,+91 6170243765,False,False,False,False,False,True,True,False,False,False,,1135,Anjali,Cash,,21/10/2025,43,Tuesday
23/11/2025 04:17:14,23/11/2025 04:17:14,Neha Singh,+91 5605313402,False,False,False,False,False,True,True,False,False,False,,596,Sneha,Wallet,Helper3,23/11/2025,47,Sunday
08/07/2025 03:38:14,08/07/2025 03:38:14,Aditi Joshi,+91 7256862110,False,False,True,False,False,False,False,False,False,False,,552,Ritu,Cash,Helper2,08/07/2025,28,Tuesday
21/06/2025 08:00:14,21/06/2025 08:00:14,Ritu Mehta,+91 6906744716,False,False,False,False,False,False,False,False,False,True,,356,Ritu,Card,Helper2,21/06/2025,25,Saturday
17/08/2025 23:02:14,17/08/2025 23:02:14,Sneha Gupta,+91 3637189239,False,True,True,True,False,False,False,False,False,False,,1184,Anjali,Card,Helper2,17/08/2025,33,Sunday
24/09/2025 21:46:14,24/09/2025 21:46:14,Kavita Reddy,+91 1066843356,True,False,False,False,False,False,False,False,True,False,,889,Anjali,Cash,Helper3,24/09/2025,39,Wednesday
09/09/2025 01:29:14,09/09/2025 01:29:14,Nisha Verma,+91 6350200053,False,False,False,False,True,False,False,True,False,False,,944,Sneha,UPI,,09/09/2025,37,Tuesday
09/09/2025 02:26:14,09/09/2025 02:26:14,Priya Patel,+91 1082555989,False,False,False,True,True,False,False,False,False,False,,1213,Kavita,Cash,Helper1,09/09/2025,37,Tuesday
11/07/2025 07:54:14,11/07/2025 07:54:14,Divya Rao,+91 1093371189,False,False,False,False,True,False,False,True,False,False,,1152,Sneha,Cash,Helper2,11/07/2025,28,Friday
27/07/2025 03:42:14,27/07/2025 03:42:14,Nisha Verma,+91 4855716176,True,False,True,False,False,False,False,False,True,False,,1308,Priya,Cash,Helper2,27/07/2025,30,Sunday
17/09/2025 04:50:14,17/09/2025 04:50:14,Aditi Joshi,+91 8127868669,False,False,True,True,False,False,False,False,False,False,,566,Ritu,Card,Helper1,17/09/2025,38,Wednesday
17/10/2025 04:39:14,17/10/2025 04:39:14,Nisha Verma,+91 8443448123,False,False,False,False,False,False,False,False,True,False,,443,Anjali,Cash,Helper2,17/10/2025,42,Friday
17/08/2025 23:24:14,17/08/2025 23:24:14,Anjali Sharma,+91 3381059551,False,False,True,False,True,False,False,False,True,False,,1651,Priya,Cash,Helper3,17/08/2025,33,Sunday
03/08/2025 08:24:14,03/08/2025 08:24:14,Neha Singh,+91 4089164983,False,False,False,True,False,True,False,False,False,False,,883,Ritu,Wallet,Helper2,03/08/2025,31,Sunday
30/09/2025 00:53:14,30/09/2025 00:53:14,Nisha Verma,+91 6527172722,False,False,False,False,False,False,False,False,False,True,,702,Sneha,UPI,Helper1,30/09/2025,40,Tuesday
26/08/2025 00:03:14,26/08/2025 00:03:14,Neha Singh,+91 6931216376,False,False,False,False,False,False,False,False,True,False,,340,Priya,Cash,,26/08/2025,35,Tuesday
